Carol Wight,0.11,0.83,6,253,4,0,1,0,support,low
Lloyd Collins,0.39,0.48,2,151,3,0,1,0,support,low
Diana Williams,0.1,0.83,5,271,5,0,1,0,support,low
Bernard Viveros,0.4,0.46,2,155,3,0,1,0,support,medium
Erin Hansen,0.86,0.91,5,245,5,0,1,0,support,medium
Brian Williams,0.37,0.46,2,157,3,0,1,0,support,medium
Gracie Parkins,0.4,0.51,2,160,3,0,1,0,support,medium
Nellie Williams,0.43,0.48,2,149,3,0,1,0,support,medium
Michelle Mitchell,0.88,0.88,5,248,5,0,1,0,technical,medium
Ann Williams,0.44,0.52,2,128,3,0,1,0,technical,medium
Lenora Eyre,0.87,1.0,4,224,5,0,1,0,technical,medium
Brittany Modesto,0.4,0.46,2,156,3,0,1,0,management,medium
Thomas Ezell,0.45,0.52,2,143,3,0,1,0,IT,medium
Thomas Tripp,0.84,0.93,4,250,5,0,1,0,IT,medium
Elouise Vickers,0.1,0.68,3,179,3,0,1,0,IT,medium
Andres Moran,0.72,0.99,5,257,5,0,1,0,IT,high
Wanda Moore,0.4,0.5,2,127,3,0,1,0,IT,low
Miles Armstrong,0.45,0.5,2,145,3,0,1,0,product_mng,medium
Lonny Walter,0.89,0.98,5,274,5,0,1,0,product_mng,medium
Denise Tanner,0.4,0.55,2,131,3,0,1,0,product_mng,medium
Robert Pina,0.38,0.53,2,136,3,0,1,0,product_mng,medium
Walter Sherman,0.38,0.47,2,140,3,1,1,0,IT,low
Sharon Steele,0.1,0.82,7,265,4,0,1,0,RandD,low
Christopher Dunn,0.42,0.48,2,148,3,1,1,0,RandD,low
Carolyn Alvarado,0.74,0.86,5,262,5,0,1,0,RandD,low
John Hayes,0.1,0.8,6,261,4,0,1,0,RandD,low
Kelvin Hartman,0.82,0.9,5,248,5,0,1,0,RandD,low
Douglas Boon,0.38,0.55,2,131,3,0,1,0,marketing,low
Ruth Slater,0.41,0.56,2,160,3,0,1,0,sales,low
Ryan Gray,0.4,0.47,2,152,3,0,1,0,accounting,low
Blanche Dworkin,0.83,0.98,4,249,5,0,1,0,support,low
Ramon Hilsinger,0.36,0.57,2,144,3,0,1,0,technical,low
Joan Mccain,0.75,0.98,4,245,5,0,1,0,management,low
Alicia Smith,0.44,0.53,2,146,3,0,1,0,marketing,low
Rosie Heard,0.1,0.94,6,297,5,0,1,0,marketing,low
Delores Parr,0.39,0.52,2,148,3,1,1,0,marketing,low
Donna Humble,0.09,0.84,7,260,4,0,1,0,sales,low
Charles Bettencourt,0.4,0.57,2,152,3,0,1,0,sales,low
Albert Santiago,0.41,0.54,2,135,3,0,1,0,sales,low
Emma Mazza,0.83,0.92,4,235,5,0,1,0,sales,low
Rodney Oiler,0.42,0.47,2,145,3,0,1,0,sales,low
Jimmie Sheppard,0.61,0.46,5,220,4,0,1,0,sales,low
Ethan Chaney,0.44,0.52,2,128,3,0,1,0,sales,medium
Fidel Jones,0.77,0.81,5,237,5,0,1,0,sales,medium
John Mixer,0.81,0.95,4,275,5,0,1,0,sales,medium
Thomas Eslinger,0.1,0.78,6,310,4,0,1,0,sales,medium
Rita Santos,0.73,0.84,5,251,6,0,1,0,sales,medium
Jean Reevers,0.09,0.83,6,250,4,0,1,0,sales,medium
Ruth Marie,0.9,0.99,4,259,6,0,1,0,sales,medium
Helen Mccrea,0.88,1.0,4,259,5,0,1,0,sales,medium
Alberta Mcclanan,0.09,0.87,7,305,4,0,1,0,sales,medium
Theodore Workman,0.4,0.56,2,130,3,1,1,0,sales,medium
Shaun Schall,0.17,0.55,6,250,5,0,1,0,sales,medium
Karen Ridgway,0.82,0.82,5,220,6,0,1,0,sales,medium
Coy Goodall,0.9,0.83,4,266,5,0,1,0,sales,high
Roger Hendrick,0.83,0.92,4,255,5,0,1,0,accounting,low
Francis Rosa,0.44,0.5,2,154,3,0,1,0,accounting,medium
Toby Lampl,0.5,0.85,4,138,3,0,1,0,accounting,medium
Freddie Farrell,0.14,0.61,6,291,5,0,1,0,hr,medium
Micheal Freeman,0.77,0.82,4,217,5,0,1,0,hr,medium
Walter Brown,0.09,0.83,6,286,4,0,1,0,hr,low
Marshall Harris,0.11,0.88,6,290,4,0,1,0,hr,low
Robert Eisele,0.44,0.57,2,148,3,0,1,0,technical,low
Guadalupe Perry,0.43,0.52,2,146,3,0,1,0,technical,low
Stephen Howerton,0.12,0.8,5,136,2,0,1,0,technical,low
Ellis Parrish,0.1,0.86,7,261,5,0,1,0,technical,low
Alecia Sassano,0.1,0.96,6,274,4,0,1,0,technical,low
Armando Whitehead,0.4,0.48,2,132,3,0,1,0,technical,low
Mildred Eddinger,0.41,0.47,2,145,3,0,1,0,technical,low
Elsie Saunders,0.37,0.48,2,153,3,0,1,0,technical,low
Alphonso Darnell,0.4,0.48,2,139,3,0,1,0,technical,low
Louis Garrett,0.74,0.96,4,231,5,0,1,0,technical,low
Magdalena Chapman,0.39,0.48,2,154,3,0,1,0,technical,low
Charles Williams,0.11,0.9,5,307,4,0,1,0,support,low
Theodore Clopton,0.36,0.51,2,129,3,0,1,0,support,low
Virginia Owings,0.8,0.83,5,275,5,0,1,0,support,low
Joseph Klein,0.6,0.85,3,250,2,0,1,0,support,low
Roberta Balmos,0.36,0.54,2,158,3,0,1,0,support,low
Shannon Campbell,0.1,0.96,6,310,5,0,1,0,support,low
Bernadine White,0.65,0.86,2,181,2,0,1,0,support,low
Lorraine Geary,0.49,0.73,4,244,3,0,1,0,support,low
Stephanie Brown,0.73,0.96,5,256,6,1,1,0,support,medium
Richard Hyland,0.11,0.8,6,259,5,0,1,0,support,medium
Pamela Rhodes,0.73,0.91,4,247,5,0,1,0,support,medium
Edith Smith,0.43,0.46,2,129,3,0,1,0,technical,medium
Wayne Dickson,0.73,0.93,5,229,5,0,1,0,technical,medium
Marguerite Hedrick,0.76,0.85,5,236,6,0,1,0,technical,medium
Jeffrey Ordonez,0.09,0.96,6,281,4,0,1,0,management,medium
Arlene Patten,0.9,0.81,5,264,5,0,1,0,IT,medium
Hector Jeans,0.1,0.81,6,308,4,0,1,0,IT,medium
William Leonard,0.43,0.48,2,147,3,0,1,0,IT,medium
Linda Forrest,0.41,0.55,2,159,3,0,1,0,IT,medium
Irving Curb,0.41,0.57,2,154,3,0,1,0,IT,medium
Sharon Graham,0.1,0.87,6,307,4,0,1,0,product_mng,high
Jessie Watson,0.4,0.46,2,132,3,0,1,0,product_mng,low
Shawna Berry,0.4,0.53,2,152,3,0,1,0,product_mng,medium
Ray Zeno,0.36,0.48,5,310,3,0,1,0,product_mng,medium
Phyllis Fuller,0.83,0.95,5,230,5,0,1,0,IT,medium
Ruth Kester,0.83,0.94,5,273,5,0,1,0,RandD,medium
Virginia Mejia,0.41,0.51,2,144,3,0,1,0,RandD,low
Jessica Peters,0.11,0.93,7,296,4,0,1,0,RandD,low
Evelyn Russo,0.68,0.62,5,198,5,1,1,0,RandD,low
Don Fleming,0.43,0.53,2,157,3,0,1,0,RandD,low
Donald Dougherty,0.44,0.51,2,145,3,0,1,0,marketing,low
Donald Saar,0.87,0.94,5,219,5,0,1,0,marketing,low
Charles Waters,0.43,0.54,2,153,3,0,1,0,sales,low
Nestor Simeon,0.89,0.48,3,178,5,0,1,0,accounting,low
Faye Jones,0.83,0.88,5,239,5,0,1,0,support,low
Vicki Stancil,0.11,0.87,6,278,5,0,1,0,technical,low
Michele Oliver,0.85,1.0,6,260,3,1,1,0,management,low
Patricia Mcdougal,0.89,0.97,4,264,5,0,1,0,marketing,low
Richard Weekley,0.09,0.92,7,301,4,0,1,0,marketing,low
Juan Xiong,0.43,0.55,4,134,3,0,1,0,marketing,low
Carrie Wear,0.42,0.46,2,147,3,0,1,0,sales,low
Cynthia Pope,0.43,0.54,2,130,3,0,1,0,sales,low
Jennifer Sauve,0.1,0.93,6,307,4,0,1,0,sales,low
Juan Lee,0.37,0.46,2,156,3,0,1,0,sales,low
Tammy Artis,0.76,0.98,4,237,5,0,1,0,sales,low
Edward Campbell,0.88,0.89,4,254,5,0,1,0,sales,low
Samuel Miranda,0.39,0.48,2,151,3,0,1,0,sales,low
Rosamaria Webb,0.45,0.54,2,131,3,0,1,0,sales,medium
John Sprouse,0.91,0.95,5,241,5,0,1,0,sales,medium
Mabel Gray,0.86,0.85,5,267,5,0,1,0,sales,medium
Marlin Chavez,0.39,0.53,2,153,3,0,1,0,sales,medium
Shayna Williams,0.89,1.0,4,217,5,0,1,0,sales,medium
Sandra Ramirez,0.11,0.86,6,254,4,0,1,0,sales,medium
Joanne Coley,0.1,0.87,6,265,5,0,1,0,sales,medium
Rebecca Christiansen,0.38,0.57,2,146,3,0,1,0,sales,medium
Gregory Jeter,0.4,0.54,2,156,3,0,1,0,sales,medium
Willie King,0.86,0.97,5,269,5,0,1,0,sales,medium
Althea Bryce,0.1,0.86,6,288,4,0,1,0,sales,medium
Harriet Brewer,0.1,0.85,6,283,4,0,1,0,sales,medium
David Stephenson,0.42,0.5,2,128,3,0,1,0,accounting,high
Mary Mejia,0.36,0.46,2,130,3,0,1,0,accounting,low
Jennifer Crespo,0.39,0.48,2,127,3,0,1,0,accounting,medium
Teresa Lomonaco,0.43,0.47,2,137,3,0,1,0,hr,medium
Alan Saenz,0.36,0.49,2,133,3,0,1,0,hr,medium
Kevin Martinez,0.09,0.91,6,275,4,0,1,0,hr,medium
Jason Huson,0.42,0.55,2,146,3,0,1,0,hr,low
Geraldine Charles,0.42,0.46,2,135,3,0,1,0,technical,low
Amy Jarvis,0.91,0.89,5,217,5,0,1,0,technical,low
Tonya Perez,0.41,0.56,2,154,3,0,1,0,technical,low
Nancy White,0.11,0.78,6,247,4,0,1,0,technical,low
Jerome Council,0.09,0.83,6,295,5,0,1,0,technical,low
Walter Jones,0.83,1.0,5,224,5,0,1,0,technical,low
Anna Wark,0.11,0.78,6,281,4,0,1,0,technical,low
Leanne Falkner,0.1,0.93,7,258,4,0,1,0,technical,low
Thelma Wesson,0.42,0.55,2,150,3,0,1,0,technical,low
Robert Snow,0.1,0.97,7,282,4,0,1,0,technical,low
David Dias,0.38,0.51,2,138,3,0,1,0,technical,low
Billie Spicer,0.77,0.98,4,238,6,0,1,0,support,low
Jennifer Myers,0.11,0.85,7,244,4,0,1,0,support,low
Kenneth Snell,0.87,0.97,5,250,6,0,1,0,support,low
James Wilson,0.1,0.88,7,282,4,0,1,0,support,low
Richard Benear,0.1,0.89,7,253,4,0,1,0,support,low
Carolyn Madson,0.09,0.9,6,256,4,0,1,0,support,low
Jaclyn Stevens,0.84,0.85,5,260,5,0,1,0,support,low
Lazaro Sampson,0.11,0.86,6,245,4,0,1,0,support,low
Charles Holcomb,0.81,0.97,5,230,5,0,1,0,support,low
Mabel Watkins,0.77,0.85,5,276,5,0,1,0,support,medium
Shirley Belcher,0.42,0.47,2,137,3,0,1,0,support,medium
Jeri Cobb,0.36,0.56,2,140,3,0,1,0,technical,medium
Joe Figueroa,0.81,0.83,5,269,6,0,1,0,technical,medium
Wesley Roberts,0.37,0.46,2,130,3,1,1,0,technical,medium
Janice Taveras,0.1,0.96,6,264,4,0,1,0,management,medium
Danyelle Terrell,0.14,0.55,6,175,5,0,1,0,IT,medium
Allison Hines,0.41,0.51,2,159,3,0,1,0,IT,medium
David Thomas,0.44,0.55,2,128,3,0,1,1,IT,medium
Mack Srey,0.82,0.94,5,232,5,1,1,0,IT,medium
Rebecca Earls,0.67,0.54,3,166,5,0,1,0,IT,medium
Bernard Reeve,0.44,0.57,2,141,3,0,1,0,product_mng,medium
Sarah Jordan,0.42,0.54,2,143,3,0,1,0,product_mng,high
Christopher Vanslyke,0.84,0.83,4,239,5,0,1,0,product_mng,low
Valerie Self,0.86,1.0,4,232,5,0,1,0,product_mng,medium
Lisa Senter,0.56,0.86,5,252,2,0,1,0,IT,medium
Aileen Napoleon,0.09,0.93,6,255,4,0,1,0,RandD,medium
Maureen Paredes,0.1,0.81,7,270,4,0,1,0,RandD,medium
Morris Cordero,0.39,0.54,2,149,3,0,1,0,RandD,low
Paul Kaplan,0.75,0.89,5,276,5,0,1,0,RandD,low
Brittney Delaney,0.43,0.55,2,159,3,0,1,0,RandD,low
William Hogan,0.09,0.96,7,274,5,0,1,0,marketing,low
James Bixby,0.83,0.94,4,264,5,0,1,0,sales,low
Esmeralda Mcdonald,0.59,1.0,3,156,4,0,1,0,accounting,low
Amanda Johnson,0.44,0.54,2,135,3,0,1,0,support,low
Ronald Uhm,0.38,0.49,2,128,3,0,1,0,technical,low
Patricia Chisholm,0.76,0.98,5,242,5,0,1,0,management,low
Amanda Braley,0.22,0.86,4,293,3,0,1,0,marketing,low
Nella Edwards,0.4,0.46,2,141,3,0,1,0,marketing,low
Jimmy Graber,0.41,0.48,2,155,3,0,1,0,marketing,low
Adriana Green,0.38,0.51,2,141,3,0,1,0,sales,low
Karen Vazquez,0.45,0.68,4,212,4,1,1,0,sales,low
Erica Holm,0.39,0.56,2,160,3,0,1,0,sales,low
Alma Williamson,0.45,0.47,2,150,3,0,1,0,sales,low
Philip Goodman,0.42,0.53,2,132,3,1,1,0,sales,low
Joseph Holloway,0.1,0.87,6,248,4,0,1,0,sales,low
Margret Legendre,0.78,0.96,5,272,5,0,1,0,sales,low
Sandy Ruddy,0.39,0.56,2,160,3,0,1,0,sales,low
Jessica Watson,0.1,0.87,7,299,4,0,1,0,sales,low
Jane Watson,0.1,0.8,6,292,4,0,1,0,sales,medium
Jennifer Acheson,0.43,0.46,2,126,3,0,1,0,sales,medium
Deshawn Southern,0.38,0.45,2,132,3,0,1,0,sales,medium
Robert Robertson,0.09,0.77,6,282,5,0,1,0,sales,medium
Louis Gerlach,0.39,0.53,2,141,3,0,1,0,sales,medium
Lelia Sullivan,0.73,0.99,6,206,5,0,1,0,sales,medium
Lloyd Chipman,0.38,0.49,2,140,3,0,1,0,sales,medium
Rene Rich,0.1,0.91,6,255,4,0,1,0,sales,medium
Kevin Moss,0.41,0.54,2,133,3,0,1,0,sales,medium
Irene Lambert,0.43,0.51,2,131,3,0,1,0,sales,medium
Freddie White,0.79,0.96,4,257,5,0,1,0,accounting,medium
Nora Floto,0.1,0.81,6,269,4,0,1,0,accounting,medium
Maria Jones,0.11,0.97,6,254,4,0,1,0,accounting,high
Joel Santoro,0.42,0.5,2,143,3,0,1,0,hr,low
Joshua Vargo,0.36,0.51,2,157,3,0,1,0,hr,medium
Roberta Thornhill,0.63,0.93,5,163,3,0,1,0,hr,medium
Gladys Toth,0.41,0.56,2,133,3,0,1,0,hr,medium
Donald Jackson,0.36,0.46,2,157,3,0,1,0,technical,medium
Jean Hernandez,0.1,0.9,6,301,5,0,1,0,technical,low
Francisco Waddell,0.11,0.96,6,310,4,0,1,0,technical,low
James Brickell,0.44,0.54,2,133,3,0,1,0,technical,low
Carlos Whitney,0.77,0.96,5,249,6,0,1,0,technical,low
Sara Scallon,0.91,1.0,4,251,6,0,1,0,technical,low
Barbara Garland,0.26,0.46,2,242,3,0,1,0,technical,low
Duncan Harrison,0.81,0.93,5,265,6,0,1,0,technical,low
Richard Gutierrez,0.11,0.87,6,280,4,0,1,0,technical,low
Jorge Sharpe,0.92,0.89,4,241,5,0,1,0,technical,low
Nellie Newsom,0.1,0.86,5,253,4,0,1,0,technical,low
Joshua Gonzalez,0.45,0.51,2,137,3,0,1,0,support,low
Agatha Herbert,0.11,0.94,6,266,4,0,1,0,support,low
William Walters,0.23,0.7,5,168,4,0,1,0,support,low
Blanche Williams,0.86,0.95,4,270,5,0,1,0,support,low
Carla Connelly,0.44,0.55,2,141,3,0,1,0,support,low
Susan Deans,0.41,0.56,2,133,3,0,1,0,support,low
Cassandra Benavidez,0.84,0.97,5,256,5,0,1,0,support,low
Timothy Sanchez,0.42,0.52,2,160,3,0,1,0,support,low
Joseph Ormiston,0.11,0.88,7,275,4,0,1,0,support,low
Sherrell Diehl,0.38,0.46,2,160,3,0,1,0,support,low
David Salazar,0.11,0.96,7,244,4,0,1,0,support,low
Patrick Mcculough,0.1,0.83,6,271,4,0,1,0,technical,medium
Delores Castellanos,0.86,0.88,5,268,5,0,1,0,technical,medium
Jean Swartzentrube,0.91,1.0,4,253,5,1,1,0,technical,medium
Anthony Goode,0.37,0.53,2,140,3,0,1,0,management,medium
Hattie King,0.46,0.5,2,146,3,0,1,0,IT,medium
Janelle Mcclure,0.1,0.89,6,259,5,0,1,0,IT,medium
David Worsham,0.37,0.46,2,127,3,0,1,0,IT,medium
Richard Rosado,0.4,0.48,2,161,3,0,1,0,IT,medium
Gabriela Yoder,0.09,0.78,6,260,4,0,1,0,IT,medium
Michael Feiner,0.11,0.89,6,272,4,0,1,0,product_mng,medium
Alicia Villanueva,0.39,0.48,2,159,3,0,1,0,product_mng,medium
Roy Mcilwain,0.89,0.96,4,219,6,0,1,0,product_mng,medium
Julianna Hummer,0.09,0.91,6,243,4,0,1,0,product_mng,high
Edward Ribron,0.88,0.97,4,255,5,1,1,0,IT,low
Daren Schillaci,0.11,0.9,7,245,4,0,1,0,RandD,medium
Leslie Slaton,0.1,0.95,6,264,5,0,1,0,RandD,medium
Cindy Higgins,0.91,1.0,4,245,6,0,1,0,RandD,medium
Kristle Tegeler,0.44,0.52,2,137,3,0,1,0,RandD,medium
Benita Quinones,0.63,0.76,2,157,4,0,1,0,RandD,low
Jose Pena,0.1,0.87,7,247,4,0,1,0,marketing,low
Lisa Lee,0.36,0.51,2,144,3,0,1,0,sales,low
William Koch,0.45,0.51,2,149,3,0,1,0,accounting,low
Janet Moran,0.73,1.0,5,253,6,0,1,0,support,low
Victor Smith,0.37,0.55,2,140,3,0,1,0,technical,low
Douglas Scull,0.09,0.85,7,307,4,0,1,0,management,low
Joann Golan,0.41,0.71,3,205,4,0,1,0,marketing,low
Christopher Miller,0.72,1.0,5,234,5,0,1,0,marketing,low
Jewel Campos,0.36,0.54,2,127,3,0,1,0,marketing,low
Frank Walls,0.9,1.0,4,229,5,0,1,0,sales,low
David Wood,0.44,0.56,2,141,3,0,1,0,sales,low
Cynthia Mcbride,0.78,0.95,4,260,5,0,1,0,sales,low
Diana Hatton,0.37,0.52,2,141,3,0,1,0,sales,low
John Adams,0.4,0.47,2,144,3,1,1,0,sales,low
Keith Lewis,0.84,1.0,5,250,5,0,1,0,sales,low
Edward Mccaw,0.09,0.86,6,245,4,0,1,0,sales,low
Mona Tola,0.83,0.93,4,269,5,0,1,0,sales,low
Robert Alexander,0.11,0.87,6,273,4,0,1,0,sales,low
Dale Evangelista,0.37,0.5,2,142,3,0,1,0,sales,low
Nancy Hogue,0.09,0.93,6,273,5,0,1,0,sales,low
Kevin Dennis,0.43,0.47,2,248,2,0,1,0,sales,medium
Gabriela Hinman,0.39,0.56,2,147,3,0,1,0,sales,medium
Joseph Kuster,0.85,0.9,2,168,2,0,1,0,sales,medium
Howard Hummel,0.38,0.52,2,128,3,0,1,0,sales,medium
Bill Campbell,0.76,0.84,5,227,5,1,1,0,sales,medium
Eboni Sawyer,0.44,0.51,2,135,3,0,1,0,sales,medium
Stephanie Cooke,0.73,1.0,4,268,5,0,1,0,sales,medium
Francisco Judge,0.43,0.53,2,136,3,0,1,0,sales,medium
Jack Bertram,0.43,0.51,2,149,3,1,1,0,accounting,medium
Chris Haas,0.09,0.96,7,264,4,0,1,0,accounting,medium
Mary Gomez,0.43,0.53,2,143,3,0,1,0,accounting,medium
Terry Parks,0.45,0.57,2,138,3,0,1,0,hr,medium
Samantha Escalante,0.42,0.48,2,146,3,0,1,0,hr,high
Keith Huck,0.41,0.46,2,150,3,1,1,0,hr,low
Leon Murphy,0.44,0.55,2,156,3,0,1,0,hr,medium
Carol Holston,0.09,0.92,7,245,4,0,1,0,technical,medium
Michael Smith,0.41,0.51,2,156,3,0,1,0,technical,medium
Bernard Speed,0.43,0.51,2,143,3,0,1,0,technical,medium
Tara Marsh,0.38,0.51,2,159,3,0,1,0,technical,low
Dawn Maloney,0.85,0.96,4,217,5,0,1,0,technical,low
Robin Johnson,0.88,0.91,4,234,6,0,1,0,technical,low
Susan Rossi,0.44,0.46,2,138,3,0,1,0,technical,low
Grace Jones,0.11,0.92,7,265,4,0,1,0,technical,low
Linda Watanabe,0.38,0.5,2,145,3,0,1,0,technical,low
Patricia Conrad,0.09,0.78,6,263,4,0,1,0,technical,low
Vincent Litke,0.11,0.79,6,264,4,0,1,0,technical,low
Joseph Williams,0.11,0.88,6,253,4,0,1,0,support,low
Delores Yoder,0.44,0.48,2,155,3,0,1,0,support,low
Ruth Kless,0.38,0.51,2,137,3,0,1,0,support,low
William Mayer,0.1,0.87,6,254,5,0,1,0,support,low
Paul Harding,0.45,0.57,2,143,3,0,1,0,support,low
Regenia Rogers,0.11,0.94,7,280,5,0,1,0,support,low
William Kennon,0.36,0.48,2,136,3,0,1,0,support,low
Minnie Poole,0.72,0.95,5,271,5,0,1,0,support,low
William Ayala,0.43,0.48,2,157,3,0,1,0,support,low
Terri Rudd,0.45,0.5,2,150,3,0,1,0,support,low
Helen Bally,0.4,0.53,2,127,3,0,1,0,support,low
Craig Townsend,0.1,0.81,6,271,4,0,1,0,technical,low
Alexander Scott,0.83,0.93,5,257,5,0,1,0,technical,low
Charles Rios,0.11,0.8,7,305,4,0,1,0,technical,medium
John Price,0.43,0.5,2,152,3,0,1,0,management,medium
Floyd Beard,0.38,0.5,2,144,3,0,1,0,IT,medium
Catherine Jordon,0.83,1.0,5,269,5,0,1,0,IT,medium
Anthony Thomas,0.11,0.82,7,285,4,0,1,0,IT,medium
Natasha Gumina,0.43,0.52,2,136,3,0,1,0,IT,medium
Sharon Higgins,0.11,0.88,6,294,4,0,1,0,IT,medium
Emily Lindemann,0.43,0.46,2,157,3,0,1,0,product_mng,medium
Darren Williams,0.1,0.89,6,280,4,0,1,0,product_mng,medium
Jonah Mclean,0.44,0.51,2,152,3,0,1,0,product_mng,medium
Clarence Jenkins,0.82,0.91,5,276,6,0,1,0,product_mng,medium
Nancy Ricker,0.1,0.86,6,247,4,0,1,0,IT,medium
Chris Mercado,0.1,0.95,5,286,4,0,1,0,RandD,high
Ellen Erlebach,0.3,0.89,5,257,5,0,1,0,RandD,low
Pamela Cox,0.1,0.93,6,258,4,0,1,0,RandD,medium
James Cooley,0.39,0.5,2,151,3,0,1,0,RandD,medium
Melvin Cordero,0.14,0.47,4,175,2,0,1,0,RandD,medium
Walter Williams,0.82,0.92,4,252,5,0,1,0,marketing,medium
Micheal Wiles,0.1,0.85,6,266,4,0,1,0,sales,low
Joseph Gary,0.09,0.9,6,295,4,0,1,0,accounting,low
Patricia Cobham,0.54,0.83,6,165,6,0,1,0,support,low
Judith Cain,0.61,0.58,2,264,4,0,1,0,technical,low
Richard Gross,0.1,0.79,6,275,4,0,1,0,management,low
Sylvia Terrell,0.1,0.9,6,299,4,0,1,0,marketing,low
John Carr,0.36,0.49,2,147,3,0,1,0,marketing,low
Lola Ballew,0.1,0.97,7,306,4,0,1,0,marketing,low
Ada Sykes,0.84,1.0,5,242,5,0,1,0,sales,low
Florinda Paar,0.38,0.51,2,159,3,0,1,0,sales,low
Mary Dionne,0.41,0.49,2,147,3,0,1,0,sales,low
Nicholas Fowler,0.37,0.51,2,154,3,1,1,0,sales,low
Elwood Wiggins,0.43,0.56,2,129,3,0,1,0,sales,low
Rebecca Gearing,0.46,0.53,2,161,3,0,1,0,sales,low
Carol Jackson,0.09,0.84,6,269,4,0,1,0,sales,low
Justin Fulton,0.78,0.86,5,274,5,0,1,0,sales,low
Heather Mckinney,0.45,0.53,2,159,3,0,1,0,sales,low
Melida Evans,0.42,0.47,2,135,3,0,1,0,sales,low
James Worthington,0.46,0.53,2,147,3,0,1,0,sales,low
Ann Lock,0.39,0.49,2,142,3,0,1,0,sales,low
Kathryn Richardson,0.36,0.51,2,130,3,0,1,0,sales,low
Otha Terry,0.43,0.53,2,147,3,0,1,0,sales,medium
Stanley Santiago,0.85,0.87,5,246,5,1,1,0,sales,medium
John Blake,0.11,0.92,6,281,4,0,1,0,sales,medium
Anna Justice,0.11,0.9,6,253,4,0,1,0,sales,medium
Kevin Brockman,0.38,0.47,2,128,3,0,1,0,sales,medium
Larry Honahni,0.43,0.57,2,129,3,0,1,0,sales,medium
Joy Morgan,0.75,1.0,5,223,6,0,1,0,accounting,medium
Shane Goldson,0.11,0.92,6,269,4,0,1,0,accounting,medium
David Kelley,0.1,0.9,7,269,4,0,1,0,accounting,medium
Denise Estep,0.1,0.81,7,244,5,0,1,0,hr,medium
Angel White,0.37,0.5,2,154,3,0,1,0,hr,medium
Eric Twitty,0.11,0.93,5,140,5,0,1,0,hr,medium
Matthew Burgos,0.45,0.46,2,159,3,0,1,0,hr,high
Diane Pease,0.44,0.48,2,158,3,0,1,0,technical,low
Patrick Curtis,0.44,0.56,2,133,3,0,1,0,technical,medium
Evelyn Hollis,0.11,0.77,6,247,4,0,1,0,technical,medium
Ruth Park,0.79,0.93,5,268,5,0,1,0,technical,medium
Roger Myers,0.8,0.9,5,267,5,0,1,0,technical,medium
Genaro Loughner,0.1,0.87,7,251,5,0,1,0,technical,low
Sara Farmer,0.09,0.93,6,279,4,0,1,0,technical,low
Charles Nabzdyk,0.7,0.84,6,161,4,0,1,0,technical,low
Gail Eddins,0.72,0.84,4,256,5,0,1,0,technical,low
Charlene Gamache,0.11,0.8,6,304,4,0,1,0,technical,low
John White,0.39,0.51,2,137,3,0,1,0,technical,low
Angie Padmore,0.4,0.49,2,144,3,0,1,0,support,low
Nick Artis,0.43,0.54,2,142,3,0,1,0,support,low
Howard Saunders,0.76,0.87,5,262,5,0,1,0,support,low
Amy Lorenzo,0.4,0.48,2,142,3,0,1,0,support,low
Tamara Smith,0.09,0.89,6,282,4,0,1,0,support,low
Carl Cager,0.37,0.54,2,157,3,0,1,0,support,low
Melissa Handy,0.87,0.91,5,228,5,0,1,0,support,low
Richard Little,0.1,0.86,6,283,4,0,1,0,support,low
Alex Kedzierski,0.11,0.86,6,286,4,0,1,0,support,low
Randy Buettner,0.43,0.5,2,148,3,0,1,0,support,low
Willie Coppola,0.1,0.81,6,245,4,0,1,0,support,low
Kelli Grandberry,0.11,0.95,6,279,4,0,1,0,technical,low
Christopher Sutton,0.85,0.87,5,245,5,0,1,0,technical,low
Edison Alger,0.37,0.49,2,138,3,0,1,0,technical,low
Altagracia Broadwater,0.44,0.52,2,141,3,0,1,0,management,low
Janet Mccreedy,0.1,0.83,7,302,5,0,1,0,IT,medium
Ronald Jenkins,0.11,0.89,6,268,4,0,1,0,IT,medium
Robert Perez,0.87,0.88,5,240,5,0,1,0,IT,medium
Sean Hernandez,0.39,0.49,2,127,3,0,1,0,IT,medium
Mauricio Mitchell,0.1,0.94,7,264,4,0,1,0,IT,medium
Robert Cleary,0.44,0.53,2,155,3,0,1,0,product_mng,medium
Sylvia Keller,0.4,0.49,2,143,3,0,1,0,product_mng,medium
Connie Farris,0.76,0.98,5,217,6,0,1,0,product_mng,medium
John Guzman,0.46,0.55,2,147,3,0,1,0,product_mng,medium
Ronald Bartley,0.9,0.92,4,271,5,0,1,0,IT,medium
Kenneth Diaz,0.85,0.87,4,273,5,0,1,0,RandD,medium
Jacqulyn Sieja,0.1,0.78,5,285,4,1,1,0,RandD,medium
Michael Mathur,0.43,0.49,2,131,3,0,1,0,RandD,high
Joyce Womac,0.2,0.5,5,135,6,0,1,0,RandD,low
Dustin Hunt,0.81,0.92,5,239,5,0,1,0,RandD,medium
Suzanne Brion,0.83,0.85,5,237,5,0,1,0,marketing,medium
Teresa Musick,0.14,0.75,4,277,5,1,1,0,sales,medium
Nathaniel Phelps,0.1,0.84,5,303,5,0,1,0,accounting,medium
Juan Hewitt,0.91,0.98,4,242,6,0,1,0,support,low
Randy Edell,0.37,0.57,2,158,3,0,1,0,technical,low
David Cribb,0.42,0.57,2,147,3,1,1,0,management,low
Bobbie Winslow,0.39,0.68,2,282,5,0,1,0,marketing,low
Corey Cacy,0.39,0.54,2,154,3,0,1,0,marketing,low
Marisol Munday,0.44,0.52,2,149,3,0,1,0,marketing,low
Vincent Peeden,0.37,0.45,2,149,3,0,1,0,sales,low
Paul Graham,0.39,0.53,2,146,3,0,1,0,sales,low
Edwin Mendez,0.72,0.94,4,258,5,0,1,0,sales,low
Ryan Wilson,0.37,0.49,2,148,3,0,1,0,sales,low
Richard Reeves,0.82,0.94,5,236,5,0,1,0,sales,low
Gretchen Hubbard,0.42,0.52,2,134,3,0,1,0,sales,low
Chan Burton,0.59,1.0,2,155,5,0,1,0,sales,low
Christopher Lee,0.82,0.86,5,257,5,0,1,0,sales,low
Howard King,0.73,0.97,6,189,2,0,1,0,sales,low
Timothy Mcdonald,0.78,0.66,3,164,3,0,1,0,sales,low
Kathy Hilton,0.09,0.95,6,271,4,0,1,0,sales,low
Michael Hood,0.1,0.97,6,280,4,0,1,0,sales,low
Joseph Clark,0.45,0.46,2,149,3,0,1,0,sales,low
Lori Delaney,0.83,0.81,5,219,5,0,1,0,sales,low
Walter Acevedo,0.43,0.51,2,128,3,0,1,0,sales,low
Francis Hardy,0.4,0.47,2,128,3,0,1,0,sales,medium
Matthew Weckhorst,0.43,0.46,2,157,3,0,1,0,sales,medium
Timmy Kennerson,0.78,0.93,4,225,5,0,1,0,sales,medium
Ronald Stumbaugh,0.39,0.45,2,140,3,0,1,0,sales,medium
Marissa Key,0.11,0.97,6,310,4,0,1,0,accounting,medium
Brenda Hayes,0.36,0.52,2,143,3,0,1,0,accounting,medium
Sarah Gilliam,0.36,0.54,2,153,3,0,1,0,accounting,medium
Elizabeth Delaney,0.1,0.79,7,310,4,0,1,0,hr,medium
Eddie Leser,0.4,0.47,2,136,3,0,1,0,hr,medium
Susanne Hamm,0.81,0.85,4,251,6,0,1,0,hr,medium
Courtney Johnson,0.4,0.47,2,144,3,0,1,0,hr,medium
Stephanie Curry,0.09,0.93,6,296,4,0,1,0,technical,medium
John Rickey,0.76,0.89,5,238,5,0,1,0,technical,high
Clayton Mccallum,0.73,0.93,5,162,4,0,1,0,technical,low
Lydia Hammond,0.38,0.49,2,137,3,0,1,0,technical,medium
Lizzie Bobo,0.72,0.84,5,257,5,0,1,0,technical,medium
Angelo Edmund,0.4,0.56,2,148,3,0,1,0,technical,medium
Jennifer Hutchens,0.91,0.99,5,254,5,0,1,0,technical,medium
John Bradley,0.85,0.85,4,247,6,0,1,0,technical,low
Sandra Howard,0.9,0.7,5,206,4,0,1,0,technical,low
Karen Li,0.46,0.55,2,145,3,0,1,0,technical,low
Philip Bustamante,0.43,0.57,2,159,3,1,1,0,technical,low
Hyman Doxey,0.89,0.88,5,228,5,1,1,0,support,low
Gary Silveira,0.09,0.81,6,257,4,0,1,0,support,low
Christopher Patton,0.4,0.48,2,155,3,0,1,0,support,low
Donald Salazar,0.76,0.83,6,293,6,0,1,0,support,low
Dorothy Stunkard,0.4,0.57,2,151,3,0,1,0,support,low
James Vasquez,0.37,0.48,2,160,3,0,1,0,support,low
Ann Dawson,0.37,0.53,2,143,3,0,1,0,support,low
Nicole Farmer,0.11,0.96,6,280,4,0,1,0,support,low
James Myers,0.37,0.52,2,158,3,0,1,0,support,low
Rebecca Sheffield,0.09,0.89,7,310,4,0,1,0,support,low
Michael Jackson,0.88,0.86,5,258,5,0,1,0,support,low
Vincent Charles,0.84,0.94,5,262,5,0,1,0,technical,low
Emily Higgins,0.1,0.98,6,265,4,0,1,0,technical,low
Kathryn Batters,0.41,0.47,2,143,3,1,1,0,technical,low
Paul Porter,0.84,0.91,5,232,6,0,1,0,management,low
William Cyrus,0.41,0.55,2,161,3,0,1,0,IT,low
Michael Cunningham,0.53,0.76,5,132,6,0,1,0,IT,low
Walter Gonzales,0.42,0.47,2,139,3,1,1,0,IT,medium
William Hanson,0.36,0.5,2,131,3,0,1,0,IT,medium
Claudia Young,0.38,0.52,2,161,3,0,1,0,IT,medium
Kimberly Brennan,0.36,0.48,2,152,3,0,1,0,product_mng,medium
John Lynch,0.46,0.54,2,138,3,0,1,0,product_mng,medium
Henry Rierson,0.37,0.47,2,159,3,1,1,0,product_mng,medium
Jay Holmes,0.42,0.49,2,153,3,0,1,0,product_mng,medium
Norman Brickhouse,0.44,0.56,2,156,3,0,1,0,IT,medium
Deborah Breiner,0.92,0.82,5,265,5,0,1,0,RandD,medium
Bryan Budreau,0.1,0.79,6,301,5,0,1,0,RandD,medium
Kristie Morgan,0.76,1.0,4,220,6,0,1,0,RandD,medium
Kimberly Mcwaters,0.11,0.79,6,247,4,0,1,0,RandD,medium
George Gessford,0.43,0.48,2,136,3,0,1,0,RandD,high
George Johnson,0.4,0.49,2,160,3,0,1,0,marketing,low
Donald Ware,0.11,0.84,7,310,4,0,1,0,sales,medium
Lorenzo Nock,0.84,0.82,5,240,5,0,1,0,accounting,medium
Mike Ostrow,0.84,0.84,5,238,5,0,1,0,support,medium
Robert Brown,0.51,0.6,7,243,5,0,1,0,technical,medium
Frankie Naccarato,0.66,0.91,5,248,4,0,1,0,management,low
Clara Creekmore,0.42,0.56,2,137,3,0,1,0,marketing,low
Ernest Mezzatesta,0.38,0.49,2,155,3,0,1,0,marketing,low
Kenneth Ward,0.15,0.63,7,229,3,0,1,0,marketing,low
Angela Oglesbee,0.38,0.53,2,140,3,0,1,0,sales,low
Darrin Lehmberg,0.43,0.54,2,156,3,0,1,0,sales,low
Marie Shaw,0.37,0.57,2,147,3,0,1,0,sales,low
Larry Arwood,0.11,0.92,7,293,4,0,1,0,sales,low
Pamela Weiss,0.41,0.53,2,157,3,0,1,0,sales,low
Brenda Henderson,0.84,0.96,4,247,5,0,1,0,sales,low
Michael Abrams,0.4,0.51,2,148,3,0,1,0,sales,low
Lucille Allen,0.58,0.74,4,215,3,0,0,0,sales,low
Laura Paletta,0.82,0.67,2,202,3,0,0,0,sales,low
Edna Gay,0.45,0.69,5,193,3,0,0,0,sales,low
Angela Dale,0.78,0.82,5,247,3,0,0,0,sales,low
David Swenson,0.49,0.6,3,214,2,0,0,0,sales,low
Clayton Dodson,0.36,0.95,3,206,4,0,0,0,sales,low
Barbara Barton,0.54,0.37,2,176,2,0,0,0,sales,low
Amanda Cooper,0.99,0.91,5,136,4,0,0,0,sales,low
John Green,0.5,0.75,6,127,3,0,0,0,sales,low
Kevin Constanza,0.74,0.64,4,268,3,0,0,0,sales,low
Arlene Farber,0.56,0.58,4,258,3,0,0,0,sales,medium
Ken Swift,0.34,0.39,2,136,3,0,0,0,sales,medium
Judith Simmons,0.48,0.94,5,255,6,0,0,0,accounting,medium
Opal Funkhouser,0.73,0.62,3,218,3,0,0,0,accounting,medium
Mabel Welch,0.59,0.87,3,268,4,0,0,0,accounting,medium
Chris Oneal,0.81,0.57,3,224,2,0,0,0,hr,medium
Douglas Weeks,0.9,0.66,3,231,3,0,0,0,hr,medium
Keith Martinez,0.41,0.84,6,191,6,0,0,0,hr,medium
Maria Frazier,0.89,0.92,4,165,5,0,0,0,hr,medium
Donald Hurlburt,0.48,0.84,4,252,3,0,0,0,technical,medium
Edward Smith,0.79,0.97,5,266,2,0,0,0,technical,medium
John Peck,0.98,0.66,5,248,3,0,0,0,technical,medium
Ayanna Miner,0.75,0.7,4,144,4,0,0,0,technical,high
Lisa Hark,1.0,0.41,4,174,3,0,0,0,technical,low
Vera Murphy,0.24,0.82,5,179,6,0,0,0,technical,medium
Ernestine Stover,0.84,0.43,6,246,4,0,0,0,technical,medium
Jimmy Dashiell,0.56,0.86,4,201,3,1,0,0,technical,medium
Barbra Frontz,0.92,0.93,4,208,3,0,0,0,technical,medium
Chung Powers,0.61,0.98,3,267,3,0,0,0,technical,low
Shelley Johnson,0.84,0.77,4,262,4,0,0,0,technical,low
Monique Tower,0.85,0.59,3,235,3,0,0,0,support,low
Joseph Stoughton,0.67,0.57,2,160,4,0,0,0,support,low
Carolyn Blakely,0.54,0.94,4,267,4,0,0,0,support,low
Jorge Larabee,0.75,0.56,5,175,4,0,0,0,support,low
Jo Arriola,0.82,0.79,4,224,2,0,0,0,support,low
Michael Cardimino,0.76,0.6,4,177,2,0,0,0,support,low
Yvonne Hudson,0.19,0.53,6,191,4,0,0,0,support,low
Billie Lee,0.61,0.41,3,138,3,0,0,0,support,low
Iris Garcia,0.51,0.8,3,218,2,1,0,0,support,low
Don Wilson,0.52,0.88,3,179,2,1,0,0,support,low
Allen Flores,0.74,0.58,3,241,3,0,0,0,support,low
Minnie Limoli,0.98,0.91,4,240,3,0,0,0,technical,low
Charles Hasberry,0.71,0.92,3,202,4,0,0,0,technical,low
Helen Tennyson,0.33,0.88,6,260,3,0,0,0,technical,low
Mark Cash,0.98,0.97,3,196,3,0,0,0,management,low
Jean Rodriguez,0.52,0.59,2,176,3,1,0,0,IT,low
Robert Lavelle,0.84,0.65,2,140,3,0,0,0,IT,low
Manuel Hackett,0.87,0.5,3,242,2,0,0,0,IT,low
Robert Branch,0.48,0.85,3,279,4,0,0,0,IT,low
Patrick Flowers,0.58,0.55,4,202,3,0,0,0,IT,medium
Richard Pressley,0.58,0.84,5,228,3,0,0,0,product_mng,medium
Michelle Peterson,0.73,0.69,4,171,3,0,0,0,product_mng,medium
Jane Dawson,0.68,0.54,4,153,3,0,0,0,product_mng,medium
Herman Houston,0.41,0.68,3,165,3,1,0,0,product_mng,medium
Corrie Robinson,0.85,0.6,3,182,3,0,0,0,IT,medium
Nelson Martinez,0.54,0.7,5,239,5,0,0,0,RandD,medium
Gale Hill,0.81,0.61,5,231,2,0,0,0,RandD,medium
Sandy Kraus,0.7,0.52,4,255,3,0,0,0,RandD,medium
Kirsten Gerace,0.63,0.66,4,237,2,1,0,0,RandD,medium
James Turner,0.68,0.54,3,251,2,0,0,0,RandD,medium
Tiffany Smith,0.7,0.53,4,178,2,0,0,0,marketing,medium
Bryan Carpenter,0.82,0.65,4,148,3,0,0,0,sales,high
Angela Goldman,0.72,0.94,4,240,4,0,0,0,accounting,low
Mable Beaver,0.77,0.78,3,269,3,0,0,0,support,medium
Gerardo Smith,0.86,0.91,4,147,3,0,0,0,technical,medium
Teresa Hunter,0.15,0.97,3,198,5,0,0,0,management,medium
Lessie Cross,0.81,0.99,5,143,3,0,0,0,marketing,medium
Richard Lindsay,0.93,0.98,3,238,2,0,0,0,marketing,low
Jean Gutierrez,0.62,0.74,4,213,4,0,0,0,marketing,low
Gloria Brunkhorst,0.53,0.81,3,226,3,1,0,0,sales,low
Jerrold Serrano,0.86,0.99,3,169,2,1,0,0,sales,low
Jared Lemons,0.92,0.65,4,238,2,0,0,0,sales,low
James Guy,0.97,0.83,4,202,3,0,0,0,sales,low
Jack Malson,0.39,0.78,2,205,6,1,0,0,sales,low
Ronald Matheny,0.45,0.66,3,111,4,0,0,0,sales,low
Sarah Davis,0.41,0.47,4,104,3,0,0,0,sales,low
Joseph Jakeman,0.51,0.69,3,212,3,0,0,0,sales,low
Ray Walker,0.74,0.62,4,236,4,0,0,0,sales,low
Julie Bricker,0.69,0.57,5,245,2,1,0,0,sales,low
Mary Hyman,0.84,0.64,4,267,4,0,0,0,sales,low
Norman Vaux,0.69,0.66,5,106,5,0,0,0,sales,low
Juan Deford,0.93,0.53,5,198,3,0,0,0,sales,low
Jose White,0.33,0.45,6,239,3,0,0,0,sales,low
Roberta Anderson,0.25,0.65,5,220,3,0,0,0,sales,low
Jake Harris,0.63,0.59,5,224,3,0,0,0,sales,low
David Loftis,0.81,0.62,3,100,3,0,0,0,sales,low
Donna Fernandez,0.12,0.87,4,244,5,0,0,0,sales,low
Louise Grace,0.52,0.66,4,139,3,0,0,0,sales,low
Irene Erickson,0.57,0.51,2,152,2,0,0,0,accounting,medium
Willa Drennen,0.84,0.58,4,208,3,0,0,0,accounting,medium
Robin Ivie,0.6,0.95,5,205,3,0,0,0,accounting,medium
Dwayne Tolbert,0.73,0.44,2,194,6,0,0,0,hr,medium
Richard Slaten,0.2,0.58,3,209,5,0,0,0,hr,medium
Joann Herrel,0.58,0.9,3,212,3,0,0,0,hr,medium
Lila Seitz,0.48,0.56,2,151,3,0,0,0,hr,medium
Donna Crawford,0.54,0.67,4,282,6,0,0,0,technical,medium
Anthony Okeefe,0.86,1.0,4,256,3,0,0,0,technical,medium
Lloyd Bartel,0.94,0.83,2,185,3,1,0,0,technical,medium
Elias Murphy,0.76,0.74,5,132,3,0,0,0,technical,medium
Lois Freeman,0.61,0.95,5,233,3,0,0,0,technical,medium
Florence White,0.56,0.94,4,215,2,0,0,0,technical,high
Ray Spurgeon,1.0,0.74,3,220,4,0,0,0,technical,low
Betty Frost,0.15,0.53,6,222,3,0,0,0,technical,medium
Kathleen Lopez,0.19,0.58,5,182,2,0,0,0,technical,medium
Benjamin Perkins,0.17,0.73,5,258,4,0,0,0,technical,medium
Joseph Derrico,0.71,0.57,3,209,2,0,0,0,technical,medium
Raymond Schafer,0.86,0.79,3,242,2,0,0,0,support,low
Jason Stahl,0.59,0.88,4,155,3,1,0,0,support,low
Mary Butler,0.74,0.76,5,104,4,0,0,0,support,low
James Carpenter,0.98,0.92,4,201,3,1,0,0,support,low
Erik Beverly,0.93,0.75,5,143,3,0,0,0,support,low
Eva Bailey,1.0,0.92,5,161,3,1,0,0,support,low
Charles Lowery,0.59,0.81,4,200,2,0,0,0,support,low
Pamela Grill,0.98,0.55,4,255,2,0,0,0,support,low
Kimberly Morgan,0.35,0.5,5,227,2,0,0,0,support,low
Tracy Sirwet,0.42,0.96,3,270,6,0,0,0,support,low
Ruby Martinez,0.61,0.85,5,230,3,0,0,0,support,low
Elizabeth Cone,0.78,0.72,5,270,3,1,0,0,technical,low
Johnie Russell,0.93,0.52,4,200,3,0,0,0,technical,low
Brandon Szychowski,0.5,0.95,5,207,3,0,0,0,technical,low
Paul Choy,0.67,0.51,5,182,3,0,0,0,management,low
Nora Roof,0.75,0.85,4,234,3,0,0,0,IT,low
Paul Diffey,0.79,0.51,4,237,2,0,0,0,IT,low
Elizabeth Osdoba,0.84,0.89,4,187,2,1,0,0,IT,low
Denise Knudson,0.72,0.5,3,257,6,0,0,0,IT,low
Dewey Alexander,0.57,0.48,2,194,2,0,0,0,IT,low
Alan Boothe,0.73,0.52,4,162,3,0,0,0,product_mng,low
Sharon Garza,0.74,0.58,4,148,2,0,0,0,product_mng,medium
Charles Edwards,0.52,0.83,4,210,2,0,0,0,product_mng,medium
Denise Mallett,0.56,0.76,3,213,2,1,0,0,product_mng,medium
Stacey Atkinson,0.76,0.68,4,189,2,1,0,0,IT,medium
Melissa Campbell,0.82,0.93,4,185,2,0,0,0,RandD,medium
Clarence Baird,0.76,0.83,3,186,2,1,0,0,RandD,medium
Ray Spencer,0.62,0.59,3,128,3,0,0,0,RandD,medium
Erma Macmillan,0.48,0.8,4,268,3,0,0,0,RandD,medium
Tammie Garcia,0.64,0.77,3,213,3,1,0,0,RandD,medium
Karen Siriano,0.74,0.82,4,142,2,0,0,0,marketing,medium
Johnny Westrick,0.52,0.43,2,199,2,0,0,0,sales,medium
James Thompson,0.67,0.5,4,157,2,0,0,0,accounting,medium
Michael Harding,0.71,0.76,5,172,2,1,0,0,support,high
Rebecca Delk,0.72,0.63,3,176,3,1,0,0,technical,low
Nidia Funk,0.33,0.58,2,183,2,0,0,0,management,medium
Stephen Crow,0.91,0.56,4,270,2,0,0,0,marketing,medium
Andrew Newkirk,0.88,0.68,5,157,4,1,0,0,marketing,medium
Charles Leon,0.96,0.6,4,185,3,0,0,0,marketing,medium
Lydia Hamson,0.97,0.68,3,167,3,0,0,0,sales,low
Chung Bren,0.27,0.59,5,226,5,0,0,0,sales,low
Margaret Hatfield,0.65,0.64,3,223,4,0,0,0,sales,low
Mayra Mendez,0.68,0.73,3,257,3,0,0,0,sales,low
Ronnie Sylvia,0.68,0.46,4,143,3,0,0,0,sales,low
Ursula Rios,0.69,0.74,3,215,2,0,0,0,sales,low
Amber Johnson,0.79,0.99,3,194,4,0,0,0,sales,low
Karen Ortiz,0.74,0.92,5,193,3,0,0,0,sales,low
Clifton Gates,0.8,0.83,3,163,3,0,0,0,sales,low
Elizabeth Ries,0.38,0.94,5,252,5,0,0,0,sales,low
Eva Herman,0.26,0.83,3,168,3,0,0,0,sales,low
Tamie Harris,0.81,0.86,3,231,3,0,0,0,sales,low
Bryan Mckinney,0.67,0.54,2,141,2,0,0,0,sales,low
Fumiko Lee,0.55,0.81,4,260,2,0,0,0,sales,low
Annetta Douglas,0.87,0.71,3,132,2,0,0,0,sales,low
Derrick Croteau,0.46,0.69,2,159,2,0,0,0,sales,low
Harvey Farley,0.63,0.57,4,177,3,1,0,0,sales,low
Gabriela Marian,0.54,0.96,4,248,3,0,0,0,sales,low
John Raczka,1.0,0.49,3,185,2,0,0,0,sales,low
Charles Deyo,0.97,0.66,4,149,2,0,0,0,accounting,low
Rebecca Madrid,0.9,0.92,3,152,3,0,0,0,accounting,low
Stuart Mcculler,0.75,0.7,3,129,3,0,0,0,accounting,medium
Tameka Perkins,0.92,0.84,4,208,2,0,0,0,hr,medium
Robert Brown,0.8,0.94,4,136,2,0,0,0,hr,medium
Diana Moffett,0.57,0.81,3,142,2,0,0,0,hr,medium
Robin Brooks,0.81,0.94,3,225,4,0,0,0,hr,medium
Robert Lee,0.64,0.6,3,143,3,0,0,0,technical,medium
Tara Granier,0.71,0.54,4,215,3,0,0,0,technical,medium
Constance King,0.35,0.58,3,229,6,1,0,0,technical,medium
Sandra Rising,0.88,0.81,5,193,5,0,0,0,technical,medium
Timothy Blair,0.13,0.59,5,160,5,0,0,0,technical,medium
Jamie Kedzierski,0.82,0.73,4,195,5,1,0,0,technical,medium
Robert Richarson,0.17,0.92,4,189,2,0,0,0,technical,medium
Maribel Horrigan,0.21,0.82,4,207,5,0,0,0,technical,high
May Szabo,0.89,0.47,4,108,3,0,0,0,technical,low
Lori Oles,0.2,0.72,6,224,4,0,0,0,technical,medium
Lewis Cecena,0.99,0.81,5,180,3,1,0,0,technical,medium
Ellan Weibel,0.26,0.85,6,152,4,0,0,0,support,medium
Jesse Bradley,0.22,0.53,4,244,2,0,0,0,support,medium
Joseph Sweeney,0.79,0.84,3,176,3,0,0,0,support,low
Timothy Yeend,0.73,0.79,4,145,2,1,0,0,support,low
Mary Vargas,0.83,0.54,3,149,3,0,0,0,support,low
Otis Looney,0.42,0.54,3,122,4,0,0,0,support,low
Norbert Harris,0.18,0.8,2,110,5,0,0,0,support,low
Randy Waterbury,0.92,0.91,4,222,2,0,0,0,support,low
Rebecca Schultz,0.87,0.52,3,237,3,0,0,0,support,low
David Beard,0.72,0.65,4,224,3,0,0,0,support,low
Kenneth Lizarraga,0.64,0.58,5,115,5,0,0,0,support,low
Marry Schmidt,1.0,0.66,4,180,3,0,0,0,technical,low
Belinda Woods,0.83,0.65,4,162,3,0,0,0,technical,low
Rachel Alligood,0.98,0.58,4,136,3,0,0,0,technical,low
Susanna Johnson,0.7,0.87,3,260,2,0,0,0,management,low
Jeff Hidalgo,0.9,0.79,4,150,2,0,0,0,IT,low
Mitchell Mcbride,0.55,0.99,4,248,3,0,0,0,IT,low
Jonathon Mcconnell,0.78,0.84,3,233,3,1,0,0,IT,low
Robert Dahlstrom,0.89,0.53,5,272,3,0,0,0,IT,low
George Damboise,0.17,0.59,3,197,5,0,0,0,IT,low
Janet Martinez,0.14,0.64,5,164,5,0,0,0,product_mng,low
Hans Herrington,0.85,0.57,4,216,2,0,0,0,product_mng,low
Jose Pacini,0.84,0.79,4,266,3,1,0,0,product_mng,low
Adriana Fonseca,0.7,0.69,3,102,4,1,0,0,product_mng,medium
Annie Gilbert,0.16,0.98,5,284,5,0,0,0,IT,medium
James Flores,0.51,0.69,3,145,2,1,0,0,RandD,medium
Rosario Saenz,0.6,0.89,3,167,4,0,0,0,RandD,medium
Kevin Ding,0.5,0.63,3,172,2,0,0,0,RandD,medium
Louis Mcgilvray,0.43,0.39,5,198,5,0,0,0,RandD,medium
Beverly Deschaine,0.5,0.7,4,201,4,0,0,0,RandD,medium
Anthony Rahim,0.91,0.89,4,197,4,0,0,0,marketing,medium
Daniel Reynolds,0.65,0.93,4,270,2,0,0,0,sales,medium
Mamie Navarro,0.59,0.52,2,149,3,0,0,0,accounting,medium
Phyllis Hale,0.89,0.56,3,256,3,0,0,0,support,medium
Susan Eng,0.97,0.6,3,162,3,0,0,0,technical,medium
Michael Langlois,0.56,0.97,5,163,2,0,0,0,management,high
Denise Navor,0.76,0.93,3,266,3,1,0,0,marketing,low
Shirlee Long,0.28,0.55,4,208,4,0,0,0,marketing,medium
Roland Erling,0.75,0.51,4,138,4,0,0,0,marketing,medium
Sue Barry,0.78,0.81,4,232,3,0,0,0,sales,medium
Judy Dorf,0.26,0.63,6,100,4,0,0,0,sales,medium
Chad Delaney,0.53,0.72,2,172,5,0,0,0,sales,low
Charise Sheldon,0.25,0.41,3,133,6,1,0,0,sales,low
Leo Bozell,0.82,0.51,3,234,3,0,0,0,sales,low
Donna Sweet,0.71,0.57,2,183,4,0,0,0,sales,low
Bianca Tep,0.61,0.95,4,174,4,0,0,0,sales,low
Gregory Young,0.89,0.68,3,175,2,0,0,0,sales,low
Hector Chow,0.57,0.78,3,109,3,1,0,0,sales,low
Michelle Broglio,0.93,0.8,4,248,3,0,0,0,sales,low
Lisa Greenblatt,0.61,0.84,5,104,4,0,0,0,sales,low
Eric Wiese,0.56,0.62,3,154,2,0,0,0,sales,low
Frankie Williams,0.7,0.89,6,214,2,0,0,0,sales,low
Robert Nekola,0.9,0.64,4,209,4,0,0,0,sales,low
Lourdes Hawk,0.15,0.74,6,212,2,0,0,0,sales,low
Lisa Alvarez,0.39,0.36,3,168,3,1,0,0,sales,low
Paul Mathey,0.74,0.72,4,176,3,0,0,0,sales,low
Timothy Connelly,0.7,0.61,4,163,4,1,0,0,sales,low
Mark Kenneally,0.72,0.93,4,148,2,0,0,0,sales,low
Linda Amoroso,0.61,0.97,3,137,3,0,0,0,accounting,low
Evelyn Walling,0.96,1.0,5,162,3,0,0,0,accounting,low
Roberta Rhames,0.7,0.59,4,216,3,0,0,0,accounting,low
Darrin Jenkins,0.92,0.49,3,240,2,0,0,0,hr,low
Della Fields,0.72,0.56,4,176,2,0,0,0,hr,medium
Lynda Malone,0.53,0.75,6,192,6,0,0,0,hr,medium
Carie Bell,0.67,0.85,3,160,4,0,0,0,hr,medium
Thomas Martin,0.78,0.8,4,194,2,1,0,0,technical,medium
Tracy Diaz,0.53,0.75,4,239,2,1,0,0,technical,medium
Daphne Callahan,0.9,0.48,4,204,3,0,0,0,technical,medium
Darlene Hill,0.16,0.9,5,258,3,0,0,0,technical,medium
David Portsche,0.62,0.38,3,257,3,0,0,0,technical,medium
Hilario Castro,0.62,0.98,4,137,3,0,0,0,technical,medium
Victor Lindsey,0.22,0.52,6,175,4,0,0,0,technical,medium
Lois Katz,0.91,0.82,3,183,3,0,0,0,technical,medium
Anna Swank,0.87,0.74,4,190,4,0,0,0,technical,medium
Carolyn Trevino,0.95,0.69,3,225,2,0,0,0,technical,high
Geraldine Walls,0.99,0.75,3,215,3,0,0,0,technical,low
Hattie Wright,0.99,0.57,3,176,4,1,0,0,support,medium
Julian Moreno,0.77,0.99,4,153,3,1,0,0,support,medium
Lorraine Tipton,0.75,0.68,3,150,2,1,0,0,support,medium
Michael Conner,0.83,0.54,4,259,5,0,0,0,support,medium
Robert Diaz,0.61,0.39,3,99,2,0,0,0,support,low
Alex Moon,0.91,0.97,3,167,2,0,0,0,support,low
Marjorie Donald,0.47,0.64,3,192,3,0,0,0,support,low
Jermaine Francisco,0.77,0.61,5,146,3,0,0,0,support,low
Deborah Melton,0.55,0.51,3,190,3,0,0,0,support,low
Richard Hamer,0.32,0.48,5,246,3,0,0,0,support,low
Emily Smith,0.96,0.67,6,190,3,0,0,0,support,low
Jeffrey Rabello,0.72,0.79,5,260,2,0,0,0,technical,low
Shanda Monroe,0.8,0.9,4,136,3,0,0,0,technical,low
Larry Davis,0.61,0.55,4,231,3,0,0,0,technical,low
Joyce Wisman,0.97,0.88,3,204,2,0,0,0,management,low
Steven Cameron,0.63,0.93,4,201,3,0,0,0,IT,low
William Reth,0.92,0.92,3,159,3,0,0,0,IT,low
James Pulcher,0.94,0.74,5,171,3,0,0,0,IT,low
Brian Prescott,0.79,0.72,6,240,4,0,0,0,IT,low
Anthony Macedo,0.75,0.73,2,152,4,0,0,0,IT,low
Peggie Jones,0.78,0.99,3,151,3,1,0,0,product_mng,low
Melinda Vanlue,0.96,0.45,6,232,2,1,0,0,product_mng,low
Tammy Fisher,0.65,0.68,4,128,5,0,0,0,product_mng,low
Edward Anderson,0.18,0.94,3,187,6,1,0,0,product_mng,low
Ignacio Neveu,0.94,0.51,3,160,2,0,0,0,IT,low
Sandra Roberts,0.84,0.79,4,259,3,0,0,0,RandD,medium
Andrew Nix,0.67,0.54,2,136,2,0,0,0,RandD,medium
Barbara Ramirez,0.71,0.5,4,253,3,0,0,0,RandD,medium
Maureen Delapena,0.56,0.64,3,260,3,0,0,0,RandD,medium
Chris Bowen,0.29,0.56,5,231,6,0,0,0,RandD,medium
Patricia Pasceri,0.47,0.9,3,101,2,1,0,0,marketing,medium
Paul Heath,0.4,0.69,2,174,3,0,0,0,sales,medium
Art Ely,0.81,0.82,4,167,2,0,0,0,accounting,medium
Debbie Yoho,0.96,0.99,3,148,3,0,0,0,support,medium
Richard Hicks,0.99,0.75,6,139,5,1,0,0,technical,medium
Stephen Melendez,0.75,0.77,4,136,3,0,0,0,management,medium
Mary Muzyka,0.75,0.74,4,153,2,0,0,0,marketing,medium
Jean Hepfer,1.0,0.86,4,161,2,0,0,0,marketing,high
Douglas Claar,0.52,0.53,2,163,2,0,0,0,marketing,low
Evan Simpson,0.98,0.74,3,164,3,0,0,0,sales,medium
Chris Groom,0.6,0.64,2,137,5,0,0,0,sales,medium
Huey Hannah,0.38,0.44,3,137,3,0,0,0,sales,medium
Janet Clement,0.51,0.41,6,106,5,0,0,0,sales,medium
Joshua Catano,0.91,0.61,2,272,2,0,0,0,sales,low
Russell Winn,0.56,0.62,5,238,3,0,0,0,sales,low
Robert Laing,0.58,0.69,4,223,4,0,0,0,sales,low
Helena Clarke,0.51,0.53,3,201,2,0,0,0,sales,low
Herschel Mcmickell,0.91,0.55,6,97,4,0,0,0,sales,low
Zona Teegarden,0.8,0.98,2,232,6,1,0,0,sales,low
Thea Edmonds,0.55,0.83,4,199,3,0,0,0,sales,low
Sandra Lown,0.62,0.53,3,141,3,0,0,0,sales,low
Diana Vadasy,0.62,0.6,3,171,2,0,0,0,sales,low
Bessie Smith,0.87,0.58,4,212,3,0,0,0,sales,low
Oscar Whitehead,0.65,0.5,5,270,2,0,0,0,sales,low
Tammy Claridge,0.51,0.64,3,267,2,0,0,0,sales,low
Edgardo Hunter,0.98,0.77,3,134,2,1,0,0,sales,low
Joan Murray,0.13,0.43,4,165,5,0,0,0,sales,low
Todd Williams,0.78,0.76,5,168,4,1,0,0,sales,low
Rita Griffiths,0.6,0.98,3,262,2,0,0,0,accounting,low
Thomas Donson,0.68,0.69,3,185,2,0,0,0,accounting,low
William Hull,0.55,0.84,3,237,3,0,0,0,accounting,low
William Landeros,0.99,0.79,4,192,3,0,0,0,hr,low
Susan Schmidt,0.92,0.68,5,236,2,0,0,0,hr,low
Victoria Capellan,1.0,0.65,4,202,4,1,0,0,hr,low
Karen Nicholson,0.77,0.93,4,171,2,0,0,0,hr,medium
Mike Blackburn,0.86,0.7,5,160,3,0,0,0,technical,medium
Harold Deems,0.89,0.84,2,252,3,0,0,0,technical,medium
Jennifer King,0.58,0.55,5,206,3,0,0,0,technical,medium
Larry Strissel,0.56,0.66,3,212,2,0,0,0,technical,medium
Raymond Forshey,0.38,0.64,3,111,3,0,0,0,technical,medium
Cornelia Mendoza,0.62,0.64,3,240,2,0,0,0,technical,medium
John Peralta,0.66,0.77,2,171,2,0,0,0,technical,medium
Kendra Lewis,0.3,0.44,3,129,2,0,0,0,technical,medium
Herbert Nelms,0.82,0.83,3,271,2,0,0,0,technical,medium
John Merrill,0.96,0.68,4,162,2,0,0,0,technical,medium
Donald Thurman,0.66,0.95,3,191,3,0,0,0,technical,medium
Michael Boles,0.79,0.5,5,176,3,0,0,0,support,high
Viola Rush,0.97,0.77,3,182,2,1,0,0,support,low
Rene Luthy,0.59,0.65,3,226,3,0,0,0,support,medium
Juan Jennins,0.57,0.48,4,161,3,0,0,0,support,medium
Ronald Hewitt,0.64,0.53,4,163,3,0,0,0,support,medium
Robert Duffey,0.14,0.51,5,173,4,0,0,0,support,medium
Jessie Daugherty,0.48,0.55,3,228,2,0,0,0,support,low
Mary Jackson,0.78,1.0,3,139,3,0,0,0,support,low
Reggie Sumners,0.96,0.62,5,128,5,0,0,0,support,low
Marvin Scott,0.82,0.97,3,115,2,1,0,0,support,low
Ingrid Stegman,0.94,0.9,5,191,4,0,0,0,support,low
Esther Alma,0.95,0.66,4,183,3,0,0,0,technical,low
Floyd Brown,0.59,0.43,3,173,3,0,0,0,technical,low
Tuan Servin,0.69,0.89,4,174,2,0,0,0,technical,low
Ralph Jacoby,0.74,0.72,3,213,3,0,0,0,management,low
Anna Blair,0.67,0.67,4,192,4,0,0,0,IT,low
Jermaine Betts,0.83,0.52,3,167,2,1,0,0,IT,low
William Reid,0.81,0.85,3,263,3,1,0,0,IT,low
Lorene Lay,0.54,0.73,2,100,3,0,0,0,IT,low
Nancy Cauthen,0.89,0.83,3,164,3,0,0,0,IT,low
Martha Hayes,0.79,0.74,5,172,2,0,0,0,product_mng,low
Victor Lane,0.46,0.58,4,171,3,0,0,0,product_mng,low
Cynthia Wilder,0.99,0.93,4,236,3,0,0,0,product_mng,low
Deb Howard,0.75,0.9,5,186,4,0,0,0,product_mng,low
Renee Sherman,0.93,0.82,4,175,3,0,0,0,IT,low
Martha Taylor,0.65,0.6,5,227,3,0,0,0,RandD,low
Michael Murphy,0.19,0.63,4,142,6,0,0,0,RandD,low
Randy Popovich,0.48,0.61,2,121,2,0,0,0,RandD,medium
Joan Yeatts,0.95,0.64,5,234,3,0,0,0,RandD,medium
Melinda Quick,0.92,0.77,4,185,3,0,0,0,RandD,medium
Bill Davis,0.84,0.54,4,160,3,0,0,0,marketing,medium
Katie Blackman,0.37,0.63,4,153,3,1,0,0,sales,medium
George Payne,0.22,0.74,3,199,6,0,0,0,accounting,medium
Rebecca Jordan,0.64,0.54,3,166,2,0,0,0,support,medium
Shanta Aldana,0.72,0.88,2,247,3,0,0,0,technical,medium
Julian Tyler,0.48,0.69,4,245,3,0,0,0,management,medium
Oscar Rodriquez,0.12,0.55,5,242,4,0,0,0,marketing,medium
James Stokes,0.78,0.98,5,158,2,0,0,0,marketing,medium
Karen Lawrence,0.71,0.74,3,163,3,1,0,0,marketing,medium
Herman Harris,0.38,0.69,3,99,3,1,0,0,sales,high
Robert Honaker,0.57,0.85,4,164,3,0,0,0,sales,low
Brenda Young,0.72,0.51,3,160,3,0,0,0,sales,medium
Brian Kim,0.6,0.57,2,184,3,0,0,0,sales,medium
Clyde Randall,0.61,0.55,5,266,2,0,0,0,sales,medium
Jean Springer,0.67,0.64,4,190,2,0,0,0,sales,medium
Jewell Bond,0.97,0.97,5,192,2,0,0,0,sales,low
Donna Butler,0.22,0.6,3,205,6,1,0,0,sales,low
Beverly Fiscus,0.15,0.53,4,205,5,1,0,0,sales,low
Pam Teodoro,0.6,0.6,3,258,3,0,0,0,sales,low
Billy Long,0.15,0.8,5,151,2,1,0,0,sales,low
Alma Williams,0.5,0.81,3,148,2,0,0,0,sales,low
Joanne Leatherman,0.9,0.67,3,179,2,0,0,0,sales,low
Alison Robinson,0.84,0.51,6,141,2,1,0,0,sales,low
Carolyn Lewis,0.74,0.78,5,216,2,0,0,0,sales,low
Ian Dolan,0.72,0.51,3,235,2,0,0,0,sales,low
Joseph Wenger,0.93,0.63,3,160,4,1,0,0,sales,low
Elizabeth Moore,0.54,0.69,3,141,4,0,0,0,sales,low
Tom Wilt,0.87,0.65,4,246,2,1,0,0,sales,low
Celia Hardesty,0.19,0.98,5,226,4,1,0,0,accounting,low
Corinne Tolliver,0.33,0.4,4,212,2,1,0,0,accounting,low
John Miller,0.94,0.93,4,220,3,0,0,0,accounting,low
Patricia Johnson,0.77,0.49,4,266,2,0,0,0,hr,low
Susie Sequra,0.48,0.82,3,183,2,0,0,0,hr,low
James Reising,0.7,0.74,5,263,3,1,0,0,hr,low
Matthew Arteaga,0.54,0.93,4,161,4,1,0,0,hr,low
Mary Howard,0.61,0.98,4,199,2,0,0,0,technical,low
William Merchant,0.97,0.4,4,258,4,1,0,0,technical,medium
Jimmy Sheffield,0.6,0.85,3,209,2,1,0,0,technical,medium
Herman Brent,0.93,0.84,5,135,3,0,0,0,technical,medium
Pedro Sandoval,0.48,0.69,4,222,2,0,0,0,technical,medium
Erica Wilbon,0.16,0.76,5,192,3,0,0,0,technical,medium
Kevin Bish,0.18,0.75,3,250,3,0,0,0,technical,medium
Tyree Kimball,0.84,0.75,3,187,3,1,0,0,technical,medium
Lillie Chang,0.69,0.63,4,217,3,0,0,0,technical,medium
Terry Conway,0.22,0.88,4,213,3,1,0,0,technical,medium
Harold Scott,0.83,0.52,4,273,3,0,0,0,technical,medium
Jennifer Cooley,0.58,0.5,2,132,3,0,0,0,support,medium
Mary Baggett,0.61,0.62,4,140,3,1,0,0,support,medium
Hugh Gaudet,0.67,0.5,4,173,2,1,0,0,support,high
Stephen Holtz,0.56,0.76,4,189,2,0,0,0,support,low
Christopher Lucas,0.74,0.74,3,156,3,0,0,0,support,medium
Joseph Smith,0.92,0.97,4,238,5,1,0,0,support,medium
Vivian Teague,0.81,0.68,5,230,2,0,0,0,support,medium
Natalie Scott,0.48,0.49,4,242,2,1,0,0,support,medium
Charles Whitney,0.73,0.72,4,197,3,0,0,0,support,low
Michael Waltz,0.97,0.66,6,164,5,0,0,0,support,low
Edward Tisdale,0.15,0.51,6,248,5,0,0,0,support,low
Verna Wedgeworth,0.69,0.76,5,255,6,0,0,0,technical,low
Thomas Dean,0.61,0.68,5,225,4,0,0,0,technical,low
Erica Breen,0.86,0.58,3,151,2,0,0,0,technical,low
Spencer Howard,0.55,0.88,4,252,3,0,0,0,management,low
Barbara Smith,0.9,0.74,4,206,4,1,0,0,IT,low
Shara Ebner,0.65,0.4,2,141,2,0,0,0,IT,low
Bob Nein,0.81,0.92,5,259,3,0,0,0,IT,low
Joeann Golden,0.65,0.86,5,250,3,0,0,0,IT,low
Freeda Johnson,0.47,0.86,4,169,6,0,0,0,IT,low
David Proctor,0.93,0.53,3,200,3,1,0,0,product_mng,low
Eugene Robarge,0.77,0.9,4,104,5,0,0,0,product_mng,low
Darryl Engelhart,0.87,0.82,6,176,3,0,0,0,product_mng,low
Evelyn Cunningham,0.87,0.84,5,137,2,0,0,0,product_mng,low
Linda Elder,0.65,0.75,2,151,3,0,0,0,IT,low
Kirsten Moore,0.21,0.7,6,130,6,1,0,0,RandD,low
Rodney Bryant,0.75,0.59,4,199,2,0,0,0,RandD,low
Bradley Coughlin,0.72,0.86,4,191,2,0,0,0,RandD,low
Laci Cardoza,0.88,0.63,3,273,3,1,0,0,RandD,low
Mark Mikel,0.66,0.58,3,205,3,0,0,0,RandD,medium
John Arnold,0.8,0.75,3,181,3,0,0,0,marketing,medium
Janice Stone,0.22,0.55,4,261,3,1,0,0,sales,medium
Olin Hooker,0.92,0.69,3,192,3,0,0,0,accounting,medium
Tammi Phillips,0.54,0.77,4,271,3,0,0,0,support,medium
Rhonda Palmer,0.91,0.56,4,158,3,0,0,0,technical,medium
John Okelly,0.77,0.83,4,231,2,0,0,0,management,medium
Jennifer Martin,0.61,0.51,3,156,3,1,0,0,marketing,medium
Mary Martinez,0.48,0.9,4,201,4,0,0,0,marketing,medium
Eddie Graves,0.25,0.69,3,187,4,0,0,0,marketing,medium
Mary Wells,0.91,0.7,3,132,4,0,0,0,sales,medium
Arla Fuller,0.72,0.58,5,147,3,1,0,0,sales,medium
Kelly Gibb,0.77,0.71,4,223,3,0,0,0,sales,high
Patricia Ballard,0.41,0.4,2,194,2,0,0,0,sales,low
Shaneka Mendoza,0.51,0.49,4,234,2,0,0,0,sales,medium
Thomas Young,0.72,0.79,3,149,3,0,0,0,sales,medium
Walter Snell,0.47,0.57,3,162,3,1,0,0,sales,medium
Patrick Patterson,0.53,0.67,4,238,2,0,0,0,sales,medium
Ida Caro,0.65,0.52,5,149,3,0,0,0,sales,low
Ricky Humes,0.18,0.75,4,170,5,0,0,0,sales,low
Glenda Deleon,0.61,0.48,3,250,2,0,0,0,sales,low
Sean Murphy,0.86,0.72,4,167,2,0,0,0,sales,low
Bruce Snively,0.14,0.77,4,166,5,0,0,0,sales,low
Sonya Lobe,0.63,0.8,3,205,2,0,0,0,sales,low
Mark Hart,0.79,0.57,3,250,3,0,0,0,sales,low
Maria Nooner,0.78,0.97,4,142,3,0,0,0,sales,low
Florence Montalto,0.14,0.52,4,217,6,0,0,0,sales,low
Thomas Hodge,0.85,0.54,3,139,3,0,0,0,sales,low
Melanie Nguyen,0.85,0.75,4,139,3,0,0,0,sales,low
Frank Williams,0.91,0.76,5,152,3,0,0,0,accounting,low
Barbara Steinberger,0.76,0.74,3,224,2,0,0,0,accounting,low
Mike Usher,0.62,0.72,5,180,3,0,0,0,accounting,low
Mark Holliday,0.53,0.69,4,216,2,0,0,0,hr,low
Son Nicholson,0.97,0.63,3,133,3,0,0,0,hr,low
Lee Smith,0.48,0.53,4,271,3,0,0,0,hr,low
Andres Wynn,0.5,0.55,4,148,3,1,0,0,hr,low
Michael Chivers,0.32,0.42,2,99,4,0,0,0,technical,low
Mary Baxter,0.58,0.77,4,196,2,1,0,0,technical,low
Lee Vera,0.81,0.83,3,196,2,0,0,0,technical,low
Justin Alfieri,0.48,0.84,4,228,3,0,0,0,technical,medium
James Edminster,0.96,0.88,4,165,2,0,0,0,technical,medium
Kenneth Medill,0.56,0.9,3,235,2,0,0,0,technical,medium
Thomas Mccall,0.63,0.96,4,167,2,0,0,0,technical,medium
Jason Stainback,0.21,0.5,5,255,5,0,0,0,technical,medium
Thomas Caldwell,0.94,0.78,3,184,3,1,0,0,technical,medium
Jack Williams,0.94,0.89,4,239,3,0,0,0,technical,medium
Arnold Thompson,0.96,0.54,3,153,2,0,0,0,technical,medium
Craig Greeley,0.49,0.5,4,187,5,1,0,0,support,medium
Angela Lopez,0.82,0.68,2,285,2,0,0,0,support,medium
Clara Dowell,0.6,0.5,3,274,3,0,0,0,support,medium
Emma Hewitt,0.76,0.5,3,156,3,1,0,0,support,medium
Rebecca Kruger,0.69,0.64,5,265,2,1,0,0,support,high
Laurie Hartley,1.0,0.94,4,144,3,0,0,0,support,low
Francis Isenberg,0.62,0.66,4,143,3,0,0,0,support,medium
Cedrick Hightower,0.4,0.99,4,214,6,1,0,0,support,medium
Jeannette Gaudio,0.94,0.91,3,163,3,0,0,0,support,medium
Grace Kohm,0.76,0.84,4,236,4,0,0,0,support,medium
Jerry Johnson,0.58,0.69,3,146,4,0,0,0,support,low
Betty Sheppard,0.85,0.78,4,106,2,0,0,0,technical,low
Phillip Miller,0.45,0.52,2,105,3,0,0,0,technical,low
Carla Moree,0.13,0.67,3,181,4,0,0,0,technical,low
Frances Carlson,0.24,0.5,5,174,4,0,0,0,management,low
Colleen Sharp,0.64,0.69,3,207,2,1,0,0,IT,low
Wayne Ohlsen,0.63,0.61,6,118,2,0,0,0,IT,low
Jennie Beeman,0.61,0.99,4,251,2,0,0,0,IT,low
William Deaton,0.71,0.99,2,136,3,0,0,0,IT,low
Frank Eichhorn,0.9,0.89,5,249,3,1,0,0,IT,low
Cindy Freidman,0.17,0.76,4,171,5,0,0,0,product_mng,low
Brooke Dejohn,0.93,0.97,3,256,2,1,0,0,product_mng,low
Michael Lueck,0.83,0.89,5,141,3,1,0,0,product_mng,low
Juanita Alvarez,0.58,0.75,4,186,2,0,0,0,product_mng,low
Helen Herrera,0.76,0.5,3,258,3,0,0,0,IT,low
Lewis Silveri,0.5,0.78,3,228,2,0,0,0,RandD,low
Carole Alvarez,0.22,0.81,5,205,4,0,0,0,RandD,low
John Joseph,0.9,0.88,4,174,3,0,0,0,RandD,low
Lawrence Kountz,0.7,0.63,3,155,4,1,0,0,RandD,low
Thora Mcdonald,0.73,0.85,5,245,3,0,0,0,RandD,low
Richard Summitt,0.84,0.87,3,271,3,0,0,0,marketing,low
Olivia Mitchell,0.55,0.63,5,184,4,0,0,0,marketing,medium
Elsie Landry,0.63,0.98,4,175,2,0,0,0,sales,medium
Walter Beach,0.51,0.92,3,224,3,0,0,0,accounting,medium
Bertha Sousa,0.81,0.76,4,177,3,0,0,0,support,medium
Judy Martinez,0.8,0.96,4,268,3,0,0,0,technical,medium
Duane Morris,0.99,0.97,4,208,3,0,0,0,management,medium
Dora Fredericks,0.9,0.87,5,219,2,0,0,0,marketing,medium
Susan Jacobs,0.65,0.67,5,128,5,0,0,0,marketing,medium
Sue Jones,0.75,0.75,3,273,3,0,0,0,marketing,medium
Flora Lee,0.62,0.49,4,218,4,0,0,0,sales,medium
Amanda Wood,0.61,0.63,5,230,3,0,0,0,sales,medium
Joan Mclelland,0.24,0.6,4,195,5,0,0,0,sales,medium
Christopher Tam,0.71,0.63,3,254,3,1,0,0,sales,high
Vernon Webster,0.49,0.8,2,275,2,0,0,0,sales,low
Jason Smith,0.44,0.66,3,162,2,0,0,0,sales,medium
Karen Schultz,0.75,0.87,4,193,3,0,0,0,sales,medium
Ruth Chevalier,0.74,0.84,3,239,4,0,0,0,sales,medium
Joe Fox,0.62,0.87,5,149,3,0,0,0,sales,medium
Gabriela Hazelhurst,0.51,0.58,3,155,3,0,0,0,sales,low
Roberto Rivera,0.61,0.59,5,271,2,0,0,0,sales,low
Bernice Rooney,0.56,0.49,5,163,3,0,0,0,sales,low
Thomas Jacobs,0.79,0.76,3,160,3,0,0,0,sales,low
Norman Marcum,0.68,0.75,6,274,5,0,0,0,sales,low
Jessica Hernandez,0.9,0.84,2,199,3,0,0,0,sales,low
Christopher Price,0.83,0.93,5,241,3,0,0,0,sales,low
Patricia Campbell,0.94,0.82,3,187,3,0,0,0,sales,low
Diana Savage,0.21,0.65,5,223,3,1,0,0,sales,low
John Neil,0.58,0.87,3,268,2,0,0,0,sales,low
Donald Parson,0.52,0.38,6,169,3,0,0,0,accounting,low
Milton Pasceri,0.18,0.67,5,285,5,0,0,0,accounting,low
Ricky Reinoso,0.94,0.91,5,254,3,0,0,0,accounting,low
Lisa Desrochers,0.69,0.5,3,208,4,0,0,0,hr,low
Shirley Dawson,0.65,0.83,4,218,3,0,0,0,hr,low
Gloria Owens,0.46,0.62,2,187,3,0,0,0,hr,low
Phyllis Mayer,0.72,0.62,4,256,3,0,0,0,hr,low
Cathy Blakely,0.3,0.37,6,278,3,0,0,0,technical,low
Derek Dey,0.51,0.51,4,204,2,0,0,0,technical,low
Kevin Thompson,0.43,0.75,3,108,2,0,0,0,technical,low
Barbara Nelson,0.56,0.94,3,226,2,0,0,0,technical,low
Sheila Jensen,0.63,0.91,4,246,3,0,0,0,technical,medium
Elmer Moreno,0.61,0.55,5,260,3,0,0,0,technical,medium
Nadine Greenwell,0.53,0.73,4,248,2,0,0,0,technical,medium
Dennis Soares,0.87,0.75,3,132,3,0,0,0,technical,medium
Tena West,0.68,0.7,4,185,4,0,0,0,technical,medium
Charles Gibson,0.78,0.84,3,269,2,0,0,0,technical,medium
Jacqueline Dehetre,0.49,0.95,4,156,2,0,0,0,technical,medium
Jessica Brown,0.96,0.81,3,212,3,0,0,0,support,medium
Gladys Joeckel,0.83,0.74,3,221,2,0,0,0,support,medium
Lisa Ward,0.48,0.67,5,273,3,0,0,0,support,medium
Bertha Boulch,0.63,0.86,4,271,3,1,0,0,support,medium
Daniel Ford,0.87,0.38,4,183,5,0,0,0,support,medium
Richard Manriquez,0.21,0.9,4,271,6,0,0,0,support,high
Edna Ammons,0.79,0.58,5,165,3,0,0,0,support,low
Leonard Sandusky,0.8,0.96,3,257,5,0,0,0,support,medium
Michael Fiene,0.78,0.82,4,143,3,0,0,0,support,medium
Alan Holtrop,0.67,0.65,5,156,2,0,0,0,support,medium
Gwen Pineda,0.67,0.71,3,190,3,1,0,0,support,medium
Justin Bays,0.26,0.67,2,242,6,0,0,0,technical,low
Mary Wilson,0.89,0.83,5,267,4,0,0,0,technical,low
Johnny Shortell,0.7,0.53,4,152,3,0,0,0,technical,low
Lee Mattingly,0.51,0.48,5,136,4,0,0,0,management,low
Louis Bormuth,0.53,0.88,3,157,3,0,0,0,IT,low
Charles Meehan,0.76,0.51,4,281,3,0,0,0,IT,low
Kathleen Langford,0.86,0.93,5,208,2,0,0,0,IT,low
Anna Montgomery,0.63,0.96,5,152,3,0,0,0,IT,low
Bernard Peralta,0.58,0.86,5,271,3,0,0,0,IT,low
Henry Mitchell,0.58,0.83,4,163,3,1,0,0,product_mng,low
Branda Romero,0.9,0.82,4,136,3,0,0,0,product_mng,low
Curtis Clifton,0.79,0.57,4,233,2,0,0,0,product_mng,low
Mary Johnson,0.8,0.74,4,221,4,0,0,0,product_mng,low
Bryan Withrow,0.53,0.65,2,189,2,1,0,0,IT,low
David Mccorkle,0.52,0.84,2,226,3,0,0,0,RandD,low
Donna Jones,0.82,0.59,5,201,3,0,0,0,RandD,low
Jennifer Fields,0.68,0.9,2,133,4,0,0,0,RandD,low
Vera Taylor,0.21,0.61,3,173,2,0,0,0,RandD,low
Kristy Franklin,0.81,0.5,4,152,3,1,0,0,RandD,low
Antonia Burks,0.57,0.9,3,256,4,0,0,0,RandD,low
Judy Stone,0.99,0.72,3,119,2,1,0,0,marketing,low
Anthony Gonzalas,0.9,1.0,4,207,3,0,0,0,sales,medium
Danny Pool,0.76,0.64,3,189,3,0,0,0,accounting,medium
Kathleen Rushing,0.56,0.92,4,172,2,0,0,0,support,medium
Susan Walczak,0.5,0.93,6,150,3,1,0,0,technical,medium
Alena Griffin,0.48,0.89,5,179,3,0,0,0,management,medium
Ruth Young,0.99,0.97,3,257,2,0,0,0,marketing,medium
Frank Mccarthy,0.76,0.8,5,229,2,0,0,0,marketing,medium
Harry Mcdaniel,0.93,0.97,4,227,3,0,0,0,marketing,medium
Ethel Doran,0.99,0.78,4,140,3,0,0,0,sales,medium
Carolyn Whitt,0.85,0.78,4,251,3,0,0,0,sales,medium
Helen Lalk,0.63,0.95,4,137,3,0,0,0,sales,medium
Jimmy Stengle,0.63,0.78,3,153,3,1,0,0,sales,medium
Peter Haney,0.5,0.65,5,242,3,0,0,0,sales,high
Kenneth Daddio,0.52,0.57,3,150,3,0,0,0,sales,low
Ronald Bodo,0.63,0.99,3,247,3,0,0,0,sales,medium
Marvin Russell,0.78,0.5,4,212,2,0,0,0,sales,medium
Michael Washington,0.98,0.53,3,234,3,0,0,0,sales,medium
Paul Simcox,0.14,1.0,5,174,5,0,0,0,sales,medium
Glenda Suiter,0.7,0.9,3,225,2,0,0,0,sales,low
Sharon Stauffer,0.88,0.6,4,224,2,0,0,0,sales,low
Joanna Davis,0.72,0.62,3,270,4,0,0,0,sales,low
Clifford Pidgeon,0.88,0.51,4,139,3,0,0,0,sales,low
Kristen Clopper,0.71,0.51,3,248,4,0,0,0,sales,low
Robert Cutler,0.6,0.85,3,172,2,0,0,0,sales,low
Paul Miceli,0.88,0.86,4,224,3,1,0,0,sales,low
Joseph Williams,0.55,0.72,5,232,4,0,0,0,sales,low
Rodney Keeler,0.85,0.55,4,260,2,1,0,0,sales,low
Elba Cummings,0.84,0.51,2,117,4,0,0,0,accounting,low
Debbie Deleon,0.91,0.61,4,243,2,1,0,0,accounting,low
Olga Anwar,0.82,0.62,4,202,2,0,0,0,accounting,low
Alejandro Winters,0.6,0.91,2,168,4,0,0,0,hr,low
Kiera Herrera,0.89,0.71,5,194,3,0,0,0,hr,low
Ashley Harrison,0.6,0.97,4,219,4,1,0,0,hr,low
James Smith,0.64,0.52,4,207,3,0,0,0,hr,low
Georgia Mcfarlane,0.93,0.88,4,177,3,0,0,0,technical,low
Catherine Wilson,0.81,0.99,3,239,2,1,0,0,technical,low
Mary Rublee,0.31,0.49,4,165,3,1,0,0,technical,low
Lucille Dufrene,0.68,0.69,4,225,2,0,0,0,technical,low
Charlie Peterson,0.78,0.59,3,212,2,0,0,0,technical,low
Rosalinda Mcalexander,0.44,0.42,4,159,4,0,0,0,technical,medium
Brian Garcia,0.64,0.93,4,233,2,1,0,0,technical,medium
Clarence Carmichael,0.81,0.63,4,108,6,0,0,0,technical,medium
Irene Patrick,0.5,0.49,3,214,3,0,0,0,technical,medium
Theodora Stuckert,0.69,0.61,5,229,3,0,0,0,technical,medium
Mary Keck,0.77,0.75,4,223,3,0,0,0,technical,medium
Stefan Sanders,0.69,0.56,4,178,3,0,0,0,support,medium
Frances Froneberger,0.87,0.68,4,246,2,0,0,0,support,medium
Virginia Russo,0.85,0.91,4,145,3,0,0,0,support,medium
Ellen Bennet,0.83,0.83,4,224,4,0,0,0,support,medium
Shelly Woodworth,0.68,0.51,3,259,3,0,0,0,support,medium
Stephanie Grett,0.78,0.65,4,207,2,0,0,0,support,medium
Veronica Camille,0.78,0.89,3,253,3,0,0,0,support,high
William Smith,0.93,0.68,4,196,2,1,0,0,support,low
Thomas Bonita,0.54,0.75,3,240,3,0,0,0,support,medium
Craig Kapp,0.76,0.56,3,255,3,0,0,0,support,medium
Kathy Key,0.4,0.72,3,139,2,0,0,0,support,medium
Chara Dixon,0.73,0.81,3,168,2,0,0,0,technical,medium
Emmanuel Holloway,0.86,0.98,5,233,3,0,0,0,technical,low
Regina Pomeroy,0.38,0.68,5,211,6,0,0,0,technical,low
Gabriele Burnett,0.71,0.48,5,114,3,0,0,0,management,low
Brady Davis,0.58,0.97,5,202,2,0,0,0,IT,low
Richard Maresco,0.67,0.59,3,177,3,1,0,0,IT,low
Kristin Gagnon,0.55,0.76,4,233,4,0,0,0,IT,low
Patricia Tademy,0.76,0.98,2,111,2,0,0,0,IT,low
Monica Morris,0.7,0.82,3,178,3,0,0,0,IT,low
Gloria Holt,0.66,0.46,4,204,4,0,0,0,product_mng,low
Jimmy Almeida,0.96,0.72,3,272,3,0,0,0,product_mng,low
Evelyn Ybarra,0.6,0.77,4,157,4,0,0,0,product_mng,low
James Vargas,0.54,0.94,5,229,3,1,0,0,product_mng,low
Patricia Hitt,0.85,0.9,5,202,3,0,0,0,IT,low
Doris Pokora,0.96,0.84,3,264,3,0,0,0,RandD,low
Marcus Drewes,0.86,0.62,3,256,3,1,0,0,RandD,low
Christopher Woods,0.53,0.87,3,151,2,0,0,0,RandD,low
Raymond Williams,0.91,0.95,3,251,3,0,0,0,RandD,low
John Marshall,0.33,0.7,5,271,4,0,0,0,RandD,low
Renee Perry,0.75,0.73,4,274,2,0,0,0,RandD,low
Tabitha Powell,0.97,0.8,3,169,3,0,0,0,marketing,low
Lydia Daniels,0.68,0.51,4,176,4,1,0,0,sales,low
William Ser,0.68,0.7,5,168,2,0,0,0,accounting,medium
Vernon Juan,0.57,0.87,4,171,2,0,0,0,support,medium
Dora Fraley,0.87,0.9,4,214,3,0,0,0,technical,medium
James Gray,0.5,0.91,5,224,2,1,0,0,management,medium
Roger Toney,0.76,0.59,3,191,4,0,0,0,marketing,medium
Stephen Treece,0.79,0.61,5,96,4,0,0,0,marketing,medium
Elsie Gutierrez,0.17,0.9,6,217,6,1,0,0,marketing,medium
Nicole Anders,0.6,0.62,4,135,2,1,0,0,sales,medium
Dennis Wilson,0.89,0.67,3,226,3,0,0,0,sales,medium
Reginald Kitanik,0.69,0.87,3,202,2,0,0,0,sales,medium
Joan Davis,0.68,0.85,2,180,6,0,0,0,sales,medium
James Lambert,0.61,0.87,5,174,4,0,0,0,sales,medium
Joel Conrad,0.63,0.5,3,140,2,0,0,0,sales,high
Jean Caron,0.5,0.96,4,147,3,0,0,0,sales,low
Rhonda Hernandez,0.49,0.74,2,263,3,1,0,0,sales,medium
Sandra Feucht,0.83,0.55,5,261,5,0,0,0,sales,medium
Alfred Hynes,0.59,0.71,2,176,2,1,0,0,sales,medium
Frank Gray,0.75,0.93,2,98,5,0,0,0,sales,medium
Michael Marroguin,0.66,0.48,3,192,3,1,0,0,sales,low
Leslie Davis,0.68,0.51,4,157,3,0,0,0,sales,low
Gary Meja,0.73,0.58,5,230,3,0,0,0,sales,low
Scott Frey,0.98,0.53,4,192,2,1,0,0,sales,low
Bruce Salido,0.86,0.65,3,161,3,0,0,0,sales,low
Jeffrey Rowe,0.5,0.55,3,176,3,0,0,0,sales,low
Sam Reyes,0.76,0.76,3,216,3,0,0,0,sales,low
Crystal Lyons,0.3,0.47,4,176,2,0,0,0,sales,low
Lloyd Christy,0.3,0.86,3,276,5,1,0,0,accounting,low
Dolores Krasner,0.64,0.59,3,174,3,1,0,0,accounting,low
Lee Lockwood,0.59,0.75,3,106,2,0,0,0,accounting,low
Ricardo Dare,0.85,0.63,4,154,3,0,0,0,hr,low
Margaret Johnson,0.76,0.93,3,271,5,0,0,0,hr,low
Darryl Bolin,0.63,0.5,5,246,2,0,0,0,hr,low
Julie Schlager,0.65,0.86,4,264,2,1,0,0,hr,low
Michael Vizarro,0.43,0.68,3,197,2,0,0,0,technical,low
Derek Wilson,0.83,0.56,4,165,2,0,0,0,technical,low
Barbara Viera,0.49,0.77,4,218,2,0,0,0,technical,low
Robert Russell,0.67,0.73,3,203,2,0,0,0,technical,low
Mark Morris,0.9,0.47,2,107,6,1,0,0,technical,low
Dennis Marin,0.83,0.96,3,179,2,0,0,0,technical,low
Amy Cox,0.92,0.84,5,264,3,0,0,0,technical,medium
Edgar Johnson,0.83,0.7,5,154,3,0,0,0,technical,medium
Earl Foster,0.64,0.55,4,167,3,1,0,0,technical,medium
Tandra Edwards,0.93,0.97,4,158,3,1,0,0,technical,medium
Dwayne Bolton,0.6,0.87,4,227,3,1,0,0,technical,medium
Michael Williams,0.74,0.69,3,230,2,0,0,0,support,medium
Bennie Mitchell,0.56,0.75,5,143,5,0,0,0,support,medium
Matthew Littleton,0.61,0.77,4,142,3,0,0,0,support,medium
William Lane,0.63,0.62,4,184,4,0,0,0,support,medium
Jack Orlowski,0.24,0.62,5,169,4,0,0,0,support,medium
Priscilla Padilla,0.17,0.56,5,218,4,1,0,0,support,medium
Eric Blenden,0.46,0.64,2,121,3,0,0,0,support,medium
Ella Averitt,0.68,0.48,4,251,4,0,0,0,support,high
David Mattioli,0.68,0.6,2,192,6,0,0,0,support,low
Clarence Nieves,0.16,0.71,6,227,5,0,0,0,support,medium
David Elsner,0.15,0.56,6,140,5,0,0,0,support,medium
Doris Karle,0.55,0.49,3,152,2,0,0,0,technical,medium
Nanette Swinehart,0.72,0.66,4,202,4,0,0,0,technical,medium
Eric Douglas,0.91,0.89,2,219,4,0,0,0,technical,low
Randy Ohanesian,0.3,0.91,4,248,4,0,0,0,management,low
Jimmie Nelson,0.56,0.68,5,203,2,0,0,0,IT,low
Hilda Adams,0.94,0.94,3,255,3,0,0,0,IT,low
Johnnie Gate,0.82,0.63,5,177,3,0,0,0,IT,low
Larry Thomure,0.66,0.86,5,185,3,0,0,0,IT,low
Anna Storey,0.74,0.64,4,101,6,1,0,0,IT,low
Joshua Mcclain,0.63,0.5,3,246,3,0,0,0,product_mng,low
Cathryn Galliher,0.65,0.42,6,220,2,0,0,0,product_mng,low
Larry Tran,0.56,0.81,3,145,2,0,0,0,product_mng,low
Amber Renfro,0.32,0.73,6,194,5,0,0,0,product_mng,low
Marjorie Harris,0.8,0.9,4,241,2,0,0,0,IT,low
Mary Shirk,0.34,0.87,6,175,4,0,0,0,RandD,low
Matthew Crawford,0.62,0.71,5,149,2,0,0,0,RandD,low
Noah Paredes,0.5,0.86,3,253,2,0,0,0,RandD,low
Charles Lewallen,0.58,0.98,5,218,3,0,0,0,RandD,low
Angelina Byrd,0.94,0.9,2,263,3,0,0,0,RandD,low
Victor Fields,0.67,0.99,4,247,3,1,0,0,RandD,low
Patricia Weeks,0.2,0.74,6,148,4,0,0,0,marketing,low
Shirley Watson,0.91,0.59,5,162,2,0,0,0,sales,low
Vincent Trentman,0.91,0.67,2,255,4,0,0,0,accounting,low
Jim Delvalle,0.78,0.87,3,191,3,1,0,0,support,medium
Robert Farkas,0.82,0.55,3,217,4,1,0,0,technical,medium
Ruby Olenick,0.54,0.96,3,201,3,0,0,0,management,medium
James Moore,0.53,0.81,3,253,3,0,0,0,marketing,medium
Lois Hall,0.47,0.55,4,122,5,1,0,0,marketing,medium
Leonard Skelly,0.87,0.5,3,269,3,0,0,0,marketing,medium
Ginger Stiger,0.5,0.68,4,161,3,0,0,0,sales,medium
Jose Shield,0.59,0.83,3,156,2,0,0,0,sales,medium
Jill Loesch,0.89,0.69,3,173,3,0,0,0,sales,medium
Amber Johnson,0.54,0.49,4,152,3,1,0,0,sales,medium
Sam Mellish,0.62,0.85,3,145,3,0,0,0,sales,medium
Alberta Lopez,0.91,0.85,3,248,3,0,0,0,sales,medium
Edward Jackson,0.84,0.99,2,184,2,0,0,0,sales,high
Jamie Knudsen,0.69,0.65,4,232,2,1,0,0,sales,low
Joel Perez,0.76,0.63,3,162,2,0,0,0,sales,medium
Charles Stewart,0.8,0.54,4,269,3,0,0,0,sales,medium
Timothy Thaxton,0.4,0.47,5,108,3,0,0,0,sales,medium
Gerald League,0.8,0.99,3,248,3,1,0,0,sales,medium
Amber Wilson,0.76,0.4,2,122,5,0,0,0,sales,low
Virginia Bonner,0.55,0.9,4,273,2,1,0,0,sales,low
Walter Long,0.98,0.63,3,285,6,0,0,0,sales,low
Gregory Perez,0.54,0.56,4,227,3,0,0,0,sales,low
Johnny Norman,0.63,0.56,4,248,2,1,0,0,sales,low
Clayton Kennedy,0.88,0.63,3,257,3,0,0,0,sales,low
Christopher Butler,0.5,0.95,5,194,3,0,0,0,sales,low
Brent Newsom,0.52,0.72,3,253,3,0,0,0,accounting,low
Earl Traylor,0.89,0.95,4,141,3,0,0,0,accounting,low
Erma Thoma,0.55,0.9,4,199,3,0,0,0,accounting,low
Ricardo Henry,0.51,0.81,3,143,2,0,0,0,hr,low
Stuart Taylor,0.35,0.52,5,244,3,0,0,0,hr,low
Marcus Reeves,0.54,0.71,5,173,2,0,0,0,hr,low
Sherman Barnett,0.72,0.84,4,186,3,0,0,0,hr,low
Andre Auer,0.61,0.93,2,247,3,0,0,0,technical,low
Gregory Dreher,0.17,0.93,3,218,4,0,0,0,technical,low
Bradford Younger,0.71,0.88,3,140,2,0,0,0,technical,low
Sandra Lynch,0.88,0.52,4,166,2,0,0,0,technical,low
Judith Calvert,0.48,1.0,3,216,2,0,0,0,technical,low
Evelyn Rolfe,0.16,0.97,6,235,3,0,0,0,technical,low
Willie Stallings,0.62,0.72,3,188,3,0,0,0,technical,low
Cindy Lewis,0.59,0.47,3,143,2,0,0,0,technical,medium
Julia Charbonneau,0.14,0.9,4,198,4,0,0,0,technical,medium
Earl Lochen,0.96,0.92,4,148,3,0,0,0,technical,medium
Gregg Quezada,0.96,0.42,6,101,4,0,0,0,technical,medium
Robert Garcia,0.13,0.89,4,249,6,1,0,0,support,medium
Jacob Bass,0.64,0.61,5,249,3,1,0,0,support,medium
Jan Mcgraw,0.64,0.67,5,198,2,1,0,0,support,medium
Casey Starr,0.57,0.72,3,202,3,1,0,0,support,medium
Michael Henderson,0.49,1.0,3,176,3,0,0,0,support,medium
Kristi Williams,0.89,0.79,4,133,2,0,0,0,support,medium
William Wallace,0.94,0.75,5,238,2,0,0,0,support,medium
Jesus Sherman,0.51,0.58,2,181,4,0,0,0,support,medium
Betty Caruso,0.8,0.85,5,242,3,0,0,0,support,high
Darline Cook,0.74,0.51,4,185,2,1,0,0,support,low
Florence Barnes,0.66,0.85,4,237,3,1,0,0,support,medium
Sheri Stein,0.66,0.99,5,244,3,0,0,0,technical,medium
Donald Horn,0.59,0.62,3,178,4,0,0,0,technical,medium
Kathy Brayman,0.91,0.57,3,164,3,0,0,0,technical,medium
Catherine Alonso,0.83,0.98,5,189,4,1,0,0,management,low
Brian Martin,0.5,0.91,3,212,2,0,0,0,IT,low
Rebecca Koopman,0.69,0.97,4,233,3,0,0,0,IT,low
Lucy Slone,0.87,0.91,5,268,3,0,0,0,IT,low
Jason Hoover,0.37,0.43,2,155,2,0,0,0,IT,low
Salvador Jones,0.9,0.98,4,257,3,0,0,0,IT,low
Herman Naccarato,0.68,0.41,4,254,5,0,0,0,product_mng,low
Gregory Durfee,0.93,0.63,4,143,3,1,0,0,product_mng,low
Charles Ellsworth,0.95,0.45,3,225,2,0,0,0,product_mng,low
Richard Hyldahl,0.99,1.0,4,223,2,1,0,0,product_mng,low
Helen Renzi,0.64,0.9,2,101,6,0,0,0,IT,low
Shelley Garcia,0.96,0.37,2,159,6,0,0,0,RandD,low
Linda Witmer,0.92,0.54,5,141,2,0,0,0,RandD,low
Julio Tauscher,0.22,0.52,5,147,5,1,0,0,RandD,low
Fran Vargas,0.82,0.99,5,252,3,1,0,0,RandD,low
John Oritz,0.75,0.89,3,196,3,0,0,0,RandD,low
Tanya Fortner,0.2,0.89,6,244,3,0,0,0,RandD,low
Richard Dean,0.64,0.73,3,142,3,0,0,0,marketing,low
Jose Haynes,0.62,0.9,4,155,4,0,0,0,sales,low
Dawn Thompson,0.73,0.59,3,219,2,0,0,0,accounting,low
James Spiller,0.52,0.51,3,213,4,0,0,0,support,low
Linda Fannin,0.63,0.67,5,263,3,0,0,0,technical,medium
Justin Coley,0.84,0.92,4,274,3,0,0,0,management,medium
Josephine Shultz,0.49,0.96,3,140,3,0,0,0,marketing,medium
Alan Mcdonald,0.54,0.78,4,176,2,0,0,0,marketing,medium
Herbert Bell,0.52,0.78,4,206,2,0,0,0,marketing,medium
Karen Horvath,0.66,0.63,6,223,6,0,0,0,sales,medium
Vincent Axelson,0.73,0.41,2,231,6,1,0,0,sales,medium
Randal Follick,0.54,0.64,3,250,3,0,0,0,sales,medium
Edward Chafin,0.72,0.68,5,266,4,0,0,0,sales,medium
Nicholas Martinez,0.75,0.64,4,247,3,1,0,0,sales,medium
Terry Beachum,0.77,0.57,3,189,2,0,0,0,sales,medium
Robyn Kennedy,0.42,0.94,5,227,5,0,0,0,sales,medium
Jerome Ward,0.13,0.69,4,127,4,0,0,0,sales,high
Lloyd Fackrell,0.73,0.88,5,204,5,0,0,0,sales,low
Michelle Dallaire,0.5,0.95,5,137,3,0,0,0,sales,medium
Charlotte Cady,0.92,0.62,4,265,3,1,0,0,sales,medium
Dora Jackson,0.73,0.66,3,135,2,0,0,0,sales,medium
Vera Bjorseth,0.74,0.38,2,126,3,0,0,0,sales,medium
Stephanie Wilborn,0.76,0.78,3,189,2,0,0,0,sales,low
Derek Martin,0.53,0.92,3,207,4,1,0,0,sales,low
Alan Williams,0.65,0.72,3,134,3,0,0,0,sales,low
Kathleen Johnson,0.91,0.85,4,203,2,0,0,0,sales,low
Rachel Loch,0.69,0.76,5,222,3,1,0,0,sales,low
Jessica Lozano,0.56,0.66,3,232,2,0,0,0,sales,low
Mary Fry,0.55,0.81,4,267,5,0,0,0,accounting,low
Sean Phillips,0.74,0.5,5,131,3,0,0,0,accounting,low
Louise Bailey,0.86,0.86,3,155,4,0,0,0,accounting,low
Kenneth Ingalls,0.82,0.74,3,232,3,0,0,0,hr,low
Anthony Spencer,0.35,0.8,3,137,5,0,0,0,hr,low
Maria Lefkowitz,0.93,0.99,4,136,4,0,0,0,hr,low
Shane Strop,0.55,0.77,3,237,2,0,0,0,hr,low
William England,0.99,0.68,4,190,3,0,0,0,technical,low
Edward Fortunato,0.91,0.89,4,144,3,1,0,0,technical,low
Everett Starns,0.24,0.65,6,194,3,0,0,0,technical,low
Charles Canty,0.77,0.67,3,186,2,0,0,0,technical,low
Robert Clark,0.64,0.66,3,218,3,0,0,0,technical,low
John Kirkland,0.58,0.76,5,260,2,1,0,0,technical,low
Thomas Weaver,0.65,0.99,4,200,4,0,0,0,technical,low
Madonna Manahan,0.44,0.68,3,140,3,0,0,0,technical,low
Delbert Larsen,0.59,0.75,2,156,3,0,0,0,technical,medium
Anna Hodges,0.99,0.56,3,193,3,1,0,0,technical,medium
Elaine Mchenry,0.75,0.79,4,145,3,0,0,0,technical,medium
Gregory Lory,0.77,0.49,4,217,2,0,0,0,support,medium
Laura Elder,0.85,0.64,4,162,3,0,0,0,support,medium
Nancy Garcia,0.77,0.93,5,182,4,0,0,0,support,medium
Vanessa Williams,0.54,0.95,3,221,3,0,0,0,support,medium
Thomas Knutson,0.69,0.82,4,208,2,0,0,0,support,medium
Maria Stanislawski,0.66,0.65,5,161,3,0,0,0,support,medium
Monique Pina,0.51,0.65,4,269,3,0,0,0,support,medium
John Ewing,0.74,0.59,4,155,3,0,0,0,support,medium
Lloyd Hill,0.55,0.72,3,110,3,0,0,0,support,medium
Bonnie Lawson,0.65,0.84,3,154,3,0,0,0,support,high
Loreen Lyons,0.2,0.77,6,213,4,0,0,0,support,low
Patrick Dickinson,0.92,0.94,5,248,3,0,0,0,technical,medium
Mae Smith,0.57,0.6,3,202,3,0,0,0,technical,medium
Arthur Powell,0.75,0.78,2,251,6,0,0,0,technical,medium
Penny Seguin,0.68,0.84,3,239,2,0,0,0,management,medium
Eugena Burgos,0.97,0.7,3,203,3,0,0,0,IT,low
Larry Holland,0.79,0.48,4,184,5,1,0,0,IT,low
Ronald Juariqui,0.66,0.75,4,203,3,1,0,0,IT,low
Jonathan Bryant,0.96,0.69,3,214,2,1,0,0,IT,low
Leola Lindgren,0.73,0.69,4,161,3,0,0,0,IT,low
Joseph Cayer,0.29,0.58,5,234,2,0,0,0,product_mng,low
Maureen Deleon,0.58,0.56,3,151,2,0,0,0,product_mng,low
Bobbie Miller,0.72,0.58,4,149,3,0,0,0,product_mng,low
Donna Newton,0.94,0.87,4,240,3,0,0,0,product_mng,low
Kiara Bryan,0.48,0.56,5,140,2,0,0,0,IT,low
Richard Roberts,0.6,0.99,3,187,2,0,0,0,RandD,low
Anthony Pilla,0.97,0.58,5,156,2,1,0,0,RandD,low
Mary Huff,0.74,0.41,4,250,4,0,0,0,RandD,low
Robert Perry,0.97,0.61,3,165,2,0,0,0,RandD,low
Kathleen Swift,0.88,0.67,5,260,3,1,0,0,RandD,low
Joe Burwell,0.5,0.7,3,274,3,0,0,0,marketing,low
Virginia Richard,0.93,0.98,4,160,3,0,0,0,sales,low
Jill Mcmillan,0.3,0.7,5,280,4,1,0,0,accounting,low
Jesus Macias,0.69,0.53,3,142,3,0,0,0,support,low
Jenna Fuller,0.69,0.9,2,155,2,0,0,0,technical,low
Elliot Clough,0.53,0.67,4,167,2,0,0,0,management,low
Brad Fassett,0.32,0.8,3,263,3,0,0,0,marketing,medium
Mary Brantley,0.73,0.75,3,259,4,0,0,0,marketing,medium
Jason Wilde,0.77,0.61,4,223,3,0,0,0,marketing,medium
Henry Frank,0.59,0.81,6,123,5,0,0,0,sales,medium
Mary Mock,0.19,0.51,5,226,3,0,0,0,sales,medium
Harold Lux,0.78,0.95,3,270,2,0,0,0,sales,medium
Katie Miller,0.84,0.74,3,139,3,0,0,0,sales,medium
Maria Patton,0.65,0.77,5,241,2,0,0,0,sales,medium
Stanley Parrish,0.38,0.43,2,160,6,0,0,0,sales,medium
Justin Richie,0.12,0.47,3,258,5,0,0,0,sales,medium
William Roebuck,0.74,0.81,5,106,5,0,0,0,sales,medium
June Livingston,0.67,0.82,4,171,2,0,0,0,sales,medium
Troy Vincent,0.5,0.79,3,186,3,0,0,0,sales,high
James Flores,0.99,0.39,6,214,5,1,0,0,sales,low
Marylynn Kleinman,0.79,0.89,4,240,3,0,0,0,sales,medium
Jack Mcclurg,0.72,0.51,4,164,3,0,0,0,sales,medium
Bonita Wilkinson,0.83,0.57,4,232,3,0,0,0,sales,medium
Joseph Stamdifer,0.69,0.55,5,242,2,0,0,0,sales,medium
Barbara Figueroa,0.5,0.89,5,222,3,0,0,0,sales,low
Violet Donaldson,0.82,0.84,3,139,2,1,0,0,sales,low
Carmen Robbin,0.68,0.56,4,272,3,0,0,0,sales,low
Matthew Day,0.82,0.69,4,262,2,0,0,0,sales,low
Robert Byerly,0.32,0.81,2,249,3,0,0,0,accounting,low
Mattie Carman,0.93,0.86,4,219,3,0,0,0,accounting,low
Joann Griffin,0.42,0.73,4,208,5,0,0,0,accounting,low
Donna Herrington,0.22,0.44,3,166,6,0,0,0,hr,low
Don Barjas,0.56,0.88,3,174,3,0,0,0,hr,low
Daniel Mcwilliams,0.77,0.75,4,225,3,0,0,0,hr,low
Marie Shaddox,0.29,0.48,2,116,6,1,0,0,hr,low
Brianna Moody,0.97,0.65,3,219,2,0,0,0,technical,low
Brenda Garcia,0.91,0.7,4,196,2,0,0,0,technical,low
Phyllis Ross,0.52,0.67,4,210,3,1,0,0,technical,low
Gerald Enlow,0.54,0.64,2,219,3,0,0,0,technical,low
Carol Whelpley,0.54,0.98,3,197,3,0,0,0,technical,low
Renee Hollin,0.67,0.52,2,102,6,0,0,0,technical,low
Mary James,0.72,0.85,3,186,4,0,0,0,technical,low
Nicole Nellis,0.68,0.51,4,224,2,0,0,0,technical,low
Charles Alexander,0.65,0.98,3,283,2,1,0,0,technical,low
Rosemarie Murray,0.72,0.98,5,197,4,0,0,0,technical,low
Lakeshia Peele,0.51,0.79,5,267,3,0,0,0,technical,medium
Alyce Jefferies,0.8,0.58,4,172,3,0,0,0,support,medium
Michael Burroughs,0.83,0.93,4,261,2,0,0,0,support,medium
Brian Sether,0.15,0.86,3,204,4,0,0,0,support,medium
Alison Schneider,0.5,0.73,4,237,2,0,0,0,support,medium
Latina Beatty,0.8,0.55,2,212,3,0,0,0,support,medium
Bennie Hanus,0.96,0.62,4,217,2,0,0,0,support,medium
Darren Hubbard,0.67,0.7,5,159,3,1,0,0,support,medium
Eva Roney,0.98,0.96,5,139,3,0,0,0,support,medium
Susy Levy,0.88,0.59,5,230,3,0,0,0,support,medium
Angela Watlington,0.85,0.79,3,157,4,0,0,0,support,medium
Michael Reynolds,0.75,0.7,5,269,3,0,0,0,support,medium
Hector Vasquez,0.38,0.77,2,170,3,0,0,0,technical,high
Mary Halvorsen,0.55,0.82,2,197,4,0,0,0,technical,low
Katherine Noel,0.63,0.89,4,246,3,0,0,0,technical,medium
Robert Hendershot,0.78,0.51,4,278,3,0,0,0,management,medium
Leonard Boyes,0.99,0.84,5,138,2,0,0,0,IT,medium
Jose Velazquez,0.72,0.87,3,238,3,0,0,0,IT,medium
Angie Mcintyre,0.14,0.83,5,175,6,1,0,0,IT,low
Herminia Anderson,0.81,0.67,4,216,3,0,0,0,IT,low
Billy Corbett,0.73,0.86,4,196,4,1,0,0,IT,low
Evon Cecot,0.58,0.8,5,187,3,1,0,0,product_mng,low
Marcella Matthews,0.24,0.85,4,155,5,0,0,0,product_mng,low
Sara Dinsmoor,0.31,0.86,3,205,5,0,0,0,product_mng,low
Jason Devereaux,0.74,0.63,3,230,2,0,0,0,product_mng,low
Theresa Lindsay,0.86,0.69,5,157,3,0,0,0,IT,low
William Hedrick,0.22,0.8,4,287,4,0,0,0,RandD,low
Nancy Strickland,0.66,0.7,4,161,3,0,0,0,RandD,low
Maria Baca,0.21,0.76,5,239,2,0,0,0,RandD,low
Stacey Richardson,0.95,0.61,3,267,2,0,0,0,RandD,low
Lance Holliday,0.24,0.55,5,208,5,0,0,0,RandD,low
Brandy Randle,0.66,0.95,3,133,3,0,0,0,marketing,low
Andrew Olson,0.88,0.86,3,187,3,0,0,0,marketing,low
Leslie Robinson,0.67,0.61,4,140,2,0,0,0,sales,low
Lisa Potts,0.75,0.58,4,270,3,0,0,0,accounting,low
Tonya Bradley,0.93,0.48,3,147,3,0,0,0,support,low
Foster Garcia,0.64,0.71,3,181,2,0,0,0,technical,low
Charles Sharrer,0.51,0.53,3,156,3,0,0,0,management,low
Arthur White,0.98,0.5,4,207,3,0,0,0,marketing,low
Lynn Frazier,0.72,0.63,4,241,4,1,0,0,marketing,medium
Craig Sherman,0.51,0.75,4,154,3,0,0,0,marketing,medium
Tyrone Bowman,0.54,0.58,4,206,3,0,0,0,sales,medium
Stacey Dominquez,0.99,0.76,4,204,2,0,0,0,sales,medium
Karen Lewis,0.44,0.9,4,117,3,0,0,0,sales,medium
Susan Berggren,0.74,0.48,5,144,3,0,0,0,sales,medium
Isabella Quinones,0.9,0.77,3,156,3,0,0,0,sales,medium
Verna Barbieri,0.86,0.58,4,211,4,0,0,0,sales,medium
Charles Morales,0.66,0.52,3,149,4,1,0,0,sales,medium
Kaye Ploof,0.64,0.96,4,152,5,0,0,0,sales,medium
Teresa Neptune,0.5,0.59,4,192,2,0,0,0,sales,medium
Leslie Ford,0.88,0.68,4,274,4,0,0,0,sales,medium
David Gonzalez,0.72,0.47,5,168,6,0,0,0,sales,high
Gladys Schultz,0.53,0.53,4,205,3,0,0,0,sales,low
Ida Honey,0.83,0.77,3,228,3,0,0,0,sales,medium
