Seat ID,Seat Name,Candidate Name,Candidate Party,Coalition,Votes for Candidate,Total Votes Cast,% of total Votes,Candidate Win,Gender,Status,Pekerjaan
P.001,PADANG BESAR,IZIZAM BIN IBRAHIM,PKR,Harapan,"13,594","36,500",37.24%,0,L,KLH,AHLI PERNIAGAAN
P.001,PADANG BESAR,DATUK ZAHIDI BIN ZAINUL ABIDIN,BN,BN,"15,032","36,500",41.18%,1,L,MNG,TIADA
P.001,PADANG BESAR,USTAZ MOKHTAR SENIK,PAS,PAS,"7,874","36,500",21.57%,0,L,KLH,USAHAWAN
P.002,KANGAR,AMIN AHMAD,PKR,Harapan,"20,909","44,680",46.80%,1,L,MNG,TIADA
P.002,KANGAR,RAMLI SHARIFF,BN,BN,"15,306","44,680",34.26%,0,L,KLH,PEGUAM
P.002,KANGAR,USTAZ ZAHID IBRAHIM,PAS,PAS,"8,465","44,680",18.95%,0,L,KLH,TIADA
P.003,ARAU,USTAZ HASHIM JASIN,PAS,PAS,"11,362","39,600",28.69%,0,L,KLH,PESARA
P.003,ARAU,DATO' DR. HAJI ABD RAHMAN BIN DAUD,PKR,Harapan,"11,691","39,600",29.52%,0,L,KLH,TIADA
P.003,ARAU,SHAHIDAN BIN KASSIM,BN,BN,"16,547","39,600",41.79%,1,L,MNG,MENTERI
P.004,LANGKAWI,ZUBIR BIN AHMAD,PAS,PAS,"5,512","34,527",15.96%,0,L,KLH,TIADA
P.004,LANGKAWI,DR MAHATHIR BIN MOHAMAD,PKR,Harapan,"18,954","34,527",54.90%,1,L,MNG,PESARA KERAJAAN
P.004,LANGKAWI,DATO' IR. NAWAWI BIN AHMAD,BN,BN,"10,061","34,527",29.14%,0,L,KLH,TIADA
P.005,JERLUN,ABD. GHANI BIN AHMAD,PAS,PAS,"12,829","43,937",29.20%,0,L,KLH,PEGUAM SYARIE
P.005,JERLUN,OTHMAN BIN AZIZ,BN,BN,"12,413","43,937",28.25%,0,L,KLH,-
P.005,JERLUN,MUKHRIZ MAHATHIR,PKR,Harapan,"18,695","43,937",42.55%,1,L,MNG,AHLI PERNIAGAAN
P.006,KUBANG PASU,DATO' SRI MOHD JOHARI BIN BAHARUM,BN,BN,"16,975","60,334",28.14%,0,L,KLH,TIMBALAN MENTERI PERTAHANAN MALAYSIA
P.006,KUBANG PASU,DATO' AMIRUDDIN HAMZAH,PKR,Harapan,"29,984","60,334",49.70%,1,L,MNG,AHLI PERNIAGAAN
P.006,KUBANG PASU,NORHAFIZA BINTI FADZIL,PAS,PAS,"13,375","60,334",22.17%,0,P,KLH,TIADA
P.007,PADANG TERAP,USTAZ AZAM BIN AZIZ,PAS,PAS,"15,285","38,923",39.27%,0,L,KLH,SENDIRI
P.007,PADANG TERAP,KHAIRIZAL KHAZALI,PKR,Harapan,"7,254","38,923",18.64%,0,L,KLH,TIADA
P.007,PADANG TERAP,DATO' SERI MAHDZIR KHALID,BN,BN,"16,384","38,923",42.09%,1,L,MNG,MENTERI PENDIDIKAN MALAYSIA
P.008,POKOK SENA,DATO' HJ MAHFUZ OMAR,PKR,Harapan,"28,959","70,750",40.93%,1,L,MNG,0
P.008,POKOK SENA,DATO' SAID ALI BIN SYED RASTAN,BN,BN,"18,390","70,750",25.99%,0,L,KLH,TIADA
P.008,POKOK SENA,RADHI MAT DIN,PAS,PAS,"23,401","70,750",33.08%,0,L,KLH,TIADA
P.009,ALOR SETAR,AMINUR SHAFIQ,PAS,PAS,"17,275","63,931",27.02%,0,L,KLH,BERNIAGA
P.009,ALOR SETAR,YOO WEI HOW,BN,BN,"14,181","63,931",22.18%,0,L,KLH,PENIAGA
P.009,ALOR SETAR,CHAN MING KAI,PKR,Harapan,"32,475","63,931",50.80%,1,L,MNG,0
P.010,KUALA KEDAH,MUHAMAD RIDUAN BIN OTHMAN,PAS,PAS,"23,143","79,167",29.23%,0,L,KLH,TIADA
P.010,KUALA KEDAH,ABDULLAH HASNAN BIN KAMARUDDIN,BN,BN,"19,400","79,167",24.51%,0,L,KLH,AHLI PERNIAGAAN
P.010,KUALA KEDAH,DR AZMAN ISMAIL,PKR,Harapan,"36,624","79,167",46.26%,1,L,MNG,DOKTOR PERUBATAN
P.011,PENDANG,OTHMAN BIN ABDUL,BN,BN,"20,728","62,246",33.30%,0,L,KLH,TIADA
P.011,PENDANG,HJ. AWANG SOLAHUDIN,PAS,PAS,"26,536","62,246",42.63%,1,L,MNG,TIADA
P.011,PENDANG,WAN SAIFUL WAN JAN,PKR,Harapan,"14,901","62,246",23.94%,0,L,KLH,PENGARAH SYARIKAT
P.011,PENDANG,PENGHULU MALIK,BEBAS - KUNCI,BEBAS,81,"62,246",0.13%,0,L,HD,PESARA KERAJAAN
P.012,JERAI,USTAZ SABRI BIN AZIT,PAS,PAS,"22,312","65,736",33.94%,1,L,MNG,TIADA
P.012,JERAI,DATO' SERI JAMIL KHIR BIN BAHAROM,BN,BN,"21,773","65,736",33.12%,0,L,KLH,MENTERI DI JABATAN PERDANA MENTERI
P.012,JERAI,AKHRAMSYAH BIN SANUSI JUNID,PKR,Harapan,"21,651","65,736",32.94%,0,L,KLH,PENGARAH SYARIKAT
P.013,SIK,USTAZ TARMIZI SULAIMAN,PAS,PAS,"20,088","41,928",47.91%,1,L,MNG,KERJA SENDIRI
P.013,SIK,DR MANSOR BIN ABD RAHMAN,BN,BN,"14,870","41,928",35.47%,0,L,KLH,TIADA
P.013,SIK,AZLI CHE UDA,PKR,Harapan,"6,970","41,928",16.62%,0,L,KLH,0
P.014,MERBOK,NURIN AINA,PKR,Harapan,"30,902","71,350",43.31%,1,P,MNG,KERJA SENDIRI
P.014,MERBOK,USTAZ AHMAD FAUZI,PAS,PAS,"19,618","71,350",27.50%,0,L,KLH,TIADA
P.014,MERBOK,DATO' TAJUL URUS HJ. MAT ZAIN,BN,BN,"20,830","71,350",29.19%,0,L,KLH,AHLI MAJLIS MESYUARAT KERAJAAN NEGERI KEDAH
P.015,SUNGAI PETANI,DATO' JOHARI ABDUL,PKR,Harapan,"45,532","92,534",49.21%,1,L,MNG,AHLI PERNIAGAAN
P.015,SUNGAI PETANI,USTAZ SHARIR LONG,PAS,PAS,"22,760","92,534",24.60%,0,L,KLH,PENDAKWAH BEBAS
P.015,SUNGAI PETANI,DATO' SHAHANIM BINTI MOHAMAD YUSOFF,BN,BN,"23,963","92,534",25.90%,0,P,KLH,TIADA
P.015,SUNGAI PETANI,P. SRITHARAN,PRM,BEBAS,279,"92,534",0.30%,0,L,HD,PENYELIA PEMASARAN
P.016,BALING,USTAZ HASSAN BIN SAAD,PAS,PAS,"37,483","90,512",41.41%,0,L,KLH,PESARA
P.016,BALING,MOHD TAUFIK BIN HJ YAACOB,PKR,Harapan,"14,472","90,512",15.99%,0,L,KLH,TIADA
P.016,BALING,DATUK AZEEZ RAHIM,BN,BN,"38,557","90,512",42.60%,1,L,MNG,AHLI PERNIAGAAN
P.017,PADANG SERAI,KARUPAIYA MUTUSAMI,PKR,Harapan,"31,724","70,084",45.27%,1,L,MNG,USAHAWAN
P.017,PADANG SERAI,MUHAMAD SOBRI BIN OSMAN,PAS,PAS,"22,911","70,084",32.69%,0,L,KLH,SENDIRI
P.017,PADANG SERAI,DATO' DR. LEONG YONG KONG,BN,BN,"15,449","70,084",22.04%,0,L,KLH,TIADA
P.018,KULIM-BANDAR BAHARU,DATO' ABD AZIZ HJ. SHEIKH FADZIR,BN,BN,"18,299","54,343",33.67%,0,L,KLH,AHLI PERNIAGAAN
P.018,KULIM-BANDAR BAHARU,DATO' SAIFUDDIN NASUTION ISMAIL,PKR,Harapan,"23,159","54,343",42.62%,1,L,MNG,TIADA
P.018,KULIM-BANDAR BAHARU,USTAZ HASSAN RAZAK,PAS,PAS,"12,885","54,343",23.71%,0,L,KLH,PESARA TENTERA
P.019,TUMPAT,DATUK WAN,BN,BN,"29,541","86,585",34.12%,0,L,KLH,AHLI PERNIAGAAN
P.019,TUMPAT,DATUK NORDIN BIN SALLEH,PKR,Harapan,"10,003","86,585",11.55%,0,L,HD,AHLI PERNIAGAAN
P.019,TUMPAT,DATO HJ CHE LAH MAT NAWI,PAS,PAS,"47,041","86,585",54.33%,1,L,MNG,AHLI MAJLIS MESYUARAT KERAJAAN NEGERI (SEMENTARA)
P.020,PENGKALAN CHEPA,USTAZ MARZUK SHAARY,PAS,PAS,"32,592","59,387",54.88%,1,L,MNG,0
P.020,PENGKALAN CHEPA,DATUK ZALUZI,BN,BN,"19,360","59,387",32.60%,0,L,KLH,BERNIAGA
P.020,PENGKALAN CHEPA,MEJAR MAT,PKR,Harapan,"7,435","59,387",12.52%,0,L,KLH,0
P.021,KOTA BHARU,HUSAM MUSA,PKR,Harapan,"22,422","66,969",33.48%,0,L,KLH,TIDAK BEKERJA
P.021,KOTA BHARU,FIKHRAN HAMSHI,BN,BN,"16,256","66,969",24.27%,0,L,KLH,BERNIAGA
P.021,KOTA BHARU,DATO' TAKIYUDDIN,PAS,PAS,"28,291","66,969",42.24%,1,L,MNG,PEGUAM
P.022,PASIR MAS,CHE UJANG,PKR,Harapan,"5,093","53,551",9.51%,0,L,HD,USAHAWAN
P.022,PASIR MAS,NOR AZMAWI @ BAWI,BN,BN,"15,005","53,551",28.02%,0,L,KLH,BERNIAGA
P.022,PASIR MAS,USTAZ FADHLI SHAARI,PAS,PAS,"28,080","53,551",52.44%,1,L,MNG,TIADA
P.022,PASIR MAS,DATO' DR. IBRAHIM BIN ALI,BEBAS - CAWAN,BEBAS,"5,373","53,551",10.03%,0,L,HD,AHLI PERNIAGAAN
P.023,RANTAU PANJANG,KAK LAH,PAS,PAS,"24,581","48,373",50.82%,1,P,MNG,TIADA
P.023,RANTAU PANJANG,ABDULLAH BIN MAT YASIM,BN,BN,"18,431","48,373",38.10%,0,L,KLH,BERNIAGA
P.023,RANTAU PANJANG,DR SHAH,PKR,Harapan,"5,361","48,373",11.08%,0,L,HD,DOKTOR PERUBATAN
P.024,KUBANG KERIAN,DATO DR HALIM,PKR,Harapan,"11,557","63,428",18.22%,0,L,KLH,TIADA
P.024,KUBANG KERIAN,DATO' SRI MUHAMMAD ABD GHANI,BN,BN,"16,251","63,428",25.62%,0,L,KLH,AHLI PERNIAGAAN
P.024,KUBANG KERIAN,USTAZ TUAN IBRAHIM,PAS,PAS,"35,620","63,428",56.16%,1,L,MNG,TIADA
P.025,BACHOK,HJ ZUL,PKR,Harapan,"4,880","73,964",6.60%,0,L,HD,TIADA
P.025,BACHOK,USTAZ NIK ABDUH,PAS,PAS,"36,188","73,964",48.93%,1,L,MNG,TIADA
P.025,BACHOK,DATUK AWANG,BN,BN,"32,896","73,964",44.48%,0,L,KLH,TIADA
P.026,KETEREH,USTAZ WAN,PAS,PAS,"20,841","53,107",39.24%,0,L,KLH,AHLI PERNIAGAAN
P.026,KETEREH,DR RADZI JIDIN,PKR,Harapan,"6,799","53,107",12.80%,0,L,KLH,TIADA
P.026,KETEREH,TAN SRI ANNUAR MUSA,BN,BN,"25,467","53,107",47.95%,1,L,MNG,TIADA
P.027,TANAH MERAH,DATO' SRI HJ IKMAL HISHAM BIN ABDUL AZIZ,BN,BN,"28,152","58,122",48.44%,1,L,MNG,TIADA
P.027,TANAH MERAH,DATO' DR JOHARI MAT,PAS,PAS,"25,223","58,122",43.40%,0,L,KLH,TIADA
P.027,TANAH MERAH,DR FAUZI,PKR,Harapan,"4,747","58,122",8.17%,0,L,HD,TIADA
P.028,PASIR PUTEH,DR. ASYRAF WAJDI DUSUKI,BN,BN,"30,947","68,150",45.41%,0,L,KLH,TIADA
P.028,PASIR PUTEH,USTAZ DR. NIK ZAWAWI,PAS,PAS,"32,307","68,150",47.41%,1,L,MNG,PENIAGA
P.028,PASIR PUTEH,DATUK KAMARUDIN (ABE DIN),PKR,Harapan,"4,896","68,150",7.18%,0,L,HD,TIADA
P.029,MACHANG,ZULKIFLI MAMAT,PAS,PAS,"23,252","55,023",42.26%,0,L,KLH,TIADA
P.029,MACHANG,DATO' SAZMI,PKR,Harapan,"5,695","55,023",10.35%,0,L,HD,PESARA KERAJAAN
P.029,MACHANG,DATUK JAZLAN,BN,BN,"26,076","55,023",47.39%,1,L,MNG,TIMBALAN MENTERI
P.030,JELI,DATO' PA,BN,BN,"21,665","38,761",55.89%,1,L,MNG,MENTERI PERDAGANGAN ANTARABANGSA DAN INDUSTRI
P.030,JELI,AZRAN BIN DERAMAN,PKR,Harapan,"2,078","38,761",5.36%,0,L,HD,TIADA
P.030,JELI,CIKGU MAT,PAS,PAS,"15,018","38,761",38.75%,0,L,KLH,TIADA
P.031,KUALA KRAI,DATO RAMZI,BN,BN,"20,911","54,987",38.03%,0,L,KLH,AHLI PERNIAGAAN
P.031,KUALA KRAI,USTAZ LATIFF,PAS,PAS,"28,903","54,987",52.56%,1,L,MNG,-
P.031,KUALA KRAI,DR IR YAZID,PKR,Harapan,"5,173","54,987",9.41%,0,L,HD,-
P.032,GUA MUSANG,USTAZ ABDULLAH,PAS,PAS,"15,513","39,936",38.84%,0,L,KLH,-
P.032,GUA MUSANG,ABE NOR,PKR,Harapan,"4,997","39,936",12.51%,0,L,KLH,USAHAWAN
P.032,GUA MUSANG,TENGKU RAZALEIGH HAMZAH,BN,BN,"19,426","39,936",48.64%,1,L,MNG,-
P.033,BESUT,DATO' IR. HAJI WAN NAZARI,PKR,Harapan,"6,864","70,935",9.68%,0,L,HD,BEKERJA SENDIRI
P.033,BESUT,IDRIS JUSOH,BN,BN,"34,335","70,935",48.40%,1,L,MNG,MENTERI PENDIDIKAN TINGGI MALAYSIA
P.033,BESUT,DR USTAZ RIDUAN MOHAMAD NOR,PAS,PAS,"29,736","70,935",41.92%,0,L,KLH,BERNIAGA
P.034,SETIU,DATO' HAJI MOHD JIDIN BIN SHAFEE,BN,BN,"32,218","71,978",44.76%,0,L,KLH,AHLI MAJLIS MESYUARAT KERAJAAN NEGERI
P.034,SETIU,USTAZ ZUKIRNAIN AB KADIR,PAS,PAS,"35,020","71,978",48.65%,1,L,MNG,MANTAN TIMBALAN PENGARAH KUDQI
P.034,SETIU,DATO' DR MOHD FAUDZI BIN MUSA,PKR,Harapan,"4,740","71,978",6.59%,0,L,HD,BEKERJA SENDIRI
P.035,KUALA NERUS,HAJI ABDULLAH,PKR,Harapan,"4,604","72,105",6.39%,0,L,HD,TIADA
P.035,KUALA NERUS,USTAZ DATO' DR KHAIRUDDIN TAKIRI,PAS,PAS,"37,974","72,105",52.66%,1,L,MNG,BERNIAGA
P.035,KUALA NERUS,DR. TENGKU ASMADI,BN,BN,"29,527","72,105",40.95%,0,L,KLH,PAKAR MOTIVASI
P.036,KUALA TERENGGANU,HAJI AMZAD HASHIM,PAS,PAS,"42,988","86,583",49.65%,1,L,MNG,BERNIAGA
P.036,KUALA TERENGGANU,DATO RAJA BAHRIN,PKR,Harapan,"15,380","86,583",17.76%,0,L,KLH,ARKITEK
P.036,KUALA TERENGGANU,WAN NAWAWI BIN HAJI WAN ISMAIL,BN,BN,"28,215","86,583",32.59%,0,L,KLH,TIADA
P.037,MARANG,ZARAWI BIN SULONG,PKR,Harapan,"5,138","90,682",5.67%,0,L,HD,USAHAWAN
P.037,MARANG,MOHAMAD NOR BIN ENDOT,BN,BN,"31,795","90,682",35.06%,0,L,KLH,TIADA
P.037,MARANG,TUAN GURU HAJI ABDUL HADI AWANG,PAS,PAS,"53,749","90,682",59.27%,1,L,MNG,BEKAS ADUN
P.038,HULU TERENGGANU,DATUK RAZALI IDRIS,PKR,Harapan,"3,364","62,346",5.40%,0,L,HD,TIADA
P.038,HULU TERENGGANU,DATO' ROSOL BIN WAHID,BN,BN,"30,925","62,346",49.60%,1,L,MNG,TIADA
P.038,HULU TERENGGANU,HAJI MUHYIDIN ABDUL RASHID,PAS,PAS,"28,057","62,346",45.00%,0,L,KLH,BERNIAGA
P.039,DUNGUN,DATO DIN,BN,BN,"27,731","75,414",36.77%,0,L,KLH,TIADA
P.039,DUNGUN,USTAZ WAN HASSAN MOHD RAMLI,PAS,PAS,"40,850","75,414",54.17%,1,L,MNG,BEKAS AHLI PARLIMEN
P.039,DUNGUN,HJ. ABD RAHMAN YUSOF,PKR,Harapan,"6,833","75,414",9.06%,0,L,HD,PESARA
P.040,KEMAMAN,USTAZ ALIAS ABD HAMID,PAS,PAS,"39,878","90,504",44.06%,1,L,MNG,BERNIAGA
P.040,KEMAMAN,MOHD. HUZAIFAH MD. SUHAIMI,PKR,Harapan,"12,911","90,504",14.27%,0,L,KLH,SWASTA
P.040,KEMAMAN,AHMAD SHABERY CHEEK,BN,BN,"37,715","90,504",41.67%,0,L,KLH,MENTERI KABINET
P.041,KEPALA BATAS,DATO' SRI REEZAL MERICAN B NAINA MERICAN,BN,BN,"22,459","52,302",42.94%,1,L,MNG,0
P.041,KEPALA BATAS,DR. ZAIDI BIN ZAKARIA,PKR,Harapan,"17,723","52,302",33.89%,0,L,KLH,0
P.041,KEPALA BATAS,SITI MASTURA MUHAMMAD,PAS,PAS,"12,120","52,302",23.17%,0,P,KLH,0
P.042,TASEK GELUGOR,DATUK SHABUDIN YAHAYA,BN,BN,"18,547","51,904",35.73%,1,L,MNG,0
P.042,TASEK GELUGOR,HJ. MARZUKI BIN YAHYA,PKR,Harapan,"18,466","51,904",35.58%,0,L,KLH,0
P.042,TASEK GELUGOR,RIZAL HAFIZ BIN RUSLAN,PAS,PAS,"14,891","51,904",28.69%,0,L,KLH,0
P.043,BAGAN,HUAN CHENG GUAN @ MEJAR HUAN,PCM,BEBAS,502,"60,087",0.84%,0,L,HD,0
P.043,BAGAN,LIM GUAN ENG,PKR,Harapan,"51,653","60,087",85.96%,1,L,MNG,0
P.043,BAGAN,KOAY XING BOON,MU,BEBAS,181,"60,087",0.30%,0,L,HD,0
P.043,BAGAN,LEE BENG SENG,BN,BN,"7,751","60,087",12.90%,0,L,KLH,0
P.044,PERMATANG PAUH,NURUL IZZAH ANWAR,PKR,Harapan,"35,534","69,828",50.89%,1,P,MNG,0
P.044,PERMATANG PAUH,USTAZ AFNAN HAMIMI B. DATO' TAIB AZAMUDDEN,PAS,PAS,"14,428","69,828",20.66%,0,L,KLH,0
P.044,PERMATANG PAUH,MOHD ZAIDI MOHD SAID,BN,BN,"19,866","69,828",28.45%,0,L,KLH,0
P.045,BUKIT MERTAJAM,GUI GUAT LYE,BN,BN,"10,907","74,691",14.60%,0,L,KLH,0
P.045,BUKIT MERTAJAM,SIM CHEE KEONG,PKR,Harapan,"63,784","74,691",85.40%,1,L,MNG,0
P.046,BATU KAWAN,OOI KHAR GIAP,PFP,BEBAS,256,"54,705",0.47%,0,L,HD,0
P.046,BATU KAWAN,JAYANTHI DEVI BALAGURU,BN,BN,"9,130","54,705",16.69%,0,P,KLH,0
P.046,BATU KAWAN,JAY KUMAR,PAS,PAS,"2,636","54,705",4.82%,0,L,HD,0
P.046,BATU KAWAN,KASTHURIRAANI PATTO,PKR,Harapan,"42,683","54,705",78.02%,1,P,MNG,0
P.047,NIBONG TEBAL,DATO MANSOR OTHMAN,PKR,Harapan,"35,395","62,179",56.92%,1,L,MNG,0
P.047,NIBONG TEBAL,DATO IR. DR. SHAIK HUSSEIN BIN MYDIN,BN,BN,"19,578","62,179",31.49%,0,L,KLH,0
P.047,NIBONG TEBAL,TAN TEE BENG,BEBAS - KUNCI,BEBAS,331,"62,179",0.53%,0,L,HD,0
P.047,NIBONG TEBAL,MOHD HELMI BIN HARUN,PAS,PAS,"6,875","62,179",11.06%,0,L,HD,0
P.048,BUKIT BENDERA,WONG HON WAI,PKR,Harapan,"50,049","59,706",83.83%,1,L,MNG,0
P.048,BUKIT BENDERA,TAN GIN THEAM,MU,BEBAS,339,"59,706",0.57%,0,L,HD,0
P.048,BUKIT BENDERA,ANDY YONG KIM SENG,BN,BN,"9,318","59,706",15.61%,0,L,KLH,0
P.049,TANJONG,NG SIEW LAI,BN,BN,"5,064","39,727",12.75%,0,P,KLH,0
P.049,TANJONG,CHOW KON YEOW,PKR,Harapan,"34,663","39,727",87.25%,1,L,MNG,0
P.050,JELUTONG,BALJIT SINGH,BN,BN,"12,529","63,666",19.68%,0,L,KLH,0
P.050,JELUTONG,SANISVARA NETHAJI RAYER A/L RAJAJI,PKR,Harapan,"50,700","63,666",79.63%,1,L,MNG,0
P.050,JELUTONG,TAN SIM BEE,MU,BEBAS,437,"63,666",0.69%,0,P,HD,0
P.051,BUKIT GELUGOR,LOW JOO HIAP,BN,BN,"9,671","75,705",12.77%,0,L,KLH,0
P.051,BUKIT GELUGOR,RAMKARPAL SINGH A/L KARPAL SINGH,PKR,Harapan,"65,622","75,705",86.68%,1,L,MNG,0
P.051,BUKIT GELUGOR,LAI XUE CHING,MU,BEBAS,412,"75,705",0.54%,0,P,HD,0
P.052,BAYAN BARU,DAVID YIM BOON LEONG,MU,BEBAS,733,"74,849",0.98%,0,L,HD,0
P.052,BAYAN BARU,SIM TZE TZIN,PKR,Harapan,"51,555","74,849",68.88%,1,L,MNG,0
P.052,BAYAN BARU,CHUAH SENG GUAN,BN,BN,"13,804","74,849",18.44%,0,L,KLH,0
P.052,BAYAN BARU,ISZUREE BIN IBRAHIM,PAS,PAS,"8,757","74,849",11.70%,0,L,HD,0
P.053,BALIK PULAU,MUHAMMAD IMRAN BIN MUHAMMAD SA'AD,PAS,PAS,"5,298","49,776",10.64%,0,L,HD,0
P.053,BALIK PULAU,MUHAMMAD BAKHTIAR BIN WAN CHIK,PKR,Harapan,"25,471","49,776",51.17%,1,L,MNG,0
P.053,BALIK PULAU,DATO' SERI DR. HILMI HAJI YAHAYA,BN,BN,"19,007","49,776",38.19%,0,L,KLH,0
P.054,GERIK,USTAZ DAHALAN,PAS,PAS,"7,715","27,311",28.25%,0,L,KLH,0
P.054,GERIK,DATO HASBULLAH OSMAN,BN,BN,"13,243","27,311",48.49%,1,L,MNG,0
P.054,GERIK,IBRAHIM HANAFIAH,PKR,Harapan,"6,353","27,311",23.26%,0,L,KLH,0
P.055,LENGGONG,AMIRUL FAIRUZZEEN,PKR,Harapan,"3,932","23,205",16.94%,0,L,KLH,0
P.055,LENGGONG,USTAZ MUJAHID IR FADZIL,PAS,PAS,"6,750","23,205",29.09%,0,L,KLH,0
P.055,LENGGONG,DR. SHAMSUL ANUAR NASARAH,BN,BN,"12,523","23,205",53.97%,1,L,MNG,0
P.056,LARUT,CIKGU HAJI ABU HUSIN,PAS,PAS,"13,698","39,620",34.57%,0,L,KLH,0
P.056,LARUT,DATO SERI HAMZAH ZAINUDIN,BN,BN,"18,184","39,620",45.90%,1,L,MNG,0
P.056,LARUT,DATO' KHAIRIL ANUAR,PKR,Harapan,"7,738","39,620",19.53%,0,L,KLH,0
P.057,PARIT BUNTAR,ABDUL PUHAT BIN MAT NAYAN,BN,BN,"13,655","42,720",31.96%,0,L,KLH,0
P.057,PARIT BUNTAR,DATO' DR MUJAHID YUSOF RAWA,PKR,Harapan,"16,753","42,720",39.22%,1,L,MNG,0
P.057,PARIT BUNTAR,AHMAD AZHAR HAJI SHARIN,PAS,PAS,"12,312","42,720",28.82%,0,L,KLH,0
P.058,BAGAN SERAI,DATO DR NOOR AZMI BIN GHAZALI,BN,BN,"17,220","47,255",36.44%,1,L,MNG,0
P.058,BAGAN SERAI,ADAM BIN ASMUNI,PKR,Harapan,"12,987","47,255",27.48%,0,L,KLH,0
P.058,BAGAN SERAI,USTAZAH ROHAYA BINTI BAKAR,PAS,PAS,"17,048","47,255",36.08%,0,P,KLH,0
P.059,BUKIT GANTANG,USTAZ IDRIS AHMAD,PAS,PAS,"16,052","56,863",28.23%,0,L,KLH,0
P.059,BUKIT GANTANG,SYED ABU HUSSIN BIN HAFIZ SYED ABDUL FASAL,BN,BN,"22,450","56,863",39.48%,1,L,MNG,0
P.059,BUKIT GANTANG,DATO HJ KHADRI KHALID,PKR,Harapan,"18,361","56,863",32.29%,0,L,KLH,0
P.060,TAIPING,TAN KENG LIANG,BN,BN,"15,613","69,743",22.39%,0,L,KLH,0
P.060,TAIPING,IBRAHIM ISMAIL,PAS,PAS,"11,133","69,743",15.96%,0,L,KLH,0
P.060,TAIPING,TEH KOK LIM,PKR,Harapan,"42,997","69,743",61.65%,1,L,MNG,0
P.061,PADANG RENGAS,EJAZI YAHAYA,PKR,Harapan,"7,943","25,281",31.42%,0,L,KLH,0
P.061,PADANG RENGAS,DATO SERI MOHAMED NAZRI BIN TAN SRI ABDUL AZIZ,BN,BN,"10,491","25,281",41.50%,1,L,MNG,0
P.061,PADANG RENGAS,MOHAMAD AZALAN,PAS,PAS,"6,847","25,281",27.08%,0,L,KLH,0
P.062,SUNGAI SIPUT,S. KESAVAN,PKR,Harapan,"20,817","42,726",48.72%,1,L,MNG,0
P.062,SUNGAI SIPUT,DR. ISHAK IBRAHIM,PAS,PAS,"5,194","42,726",12.16%,0,L,HD,0
P.062,SUNGAI SIPUT,S.K. DEVAMANY,BN,BN,"15,210","42,726",35.60%,0,L,KLH,0
P.062,SUNGAI SIPUT,DR KUMAR,PSM,BEBAS,"1,505","42,726",3.52%,0,L,HD,0
P.063,TAMBUN,DATO' SERI AHMAD HUSNI HANADZLAH,BN,BN,"33,341","86,950",38.35%,0,L,KLH,0
P.063,TAMBUN,AHMAD FAIZAL DATO' AZUMU,PKR,Harapan,"38,661","86,950",44.46%,1,L,MNG,0
P.063,TAMBUN,USTAZ IBRAHIM ZAKARIA,PAS,PAS,"14,948","86,950",17.19%,0,L,KLH,0
P.064,IPOH TIMOR,KATHLEEN (KAT) WONG,BN,BN,"13,722","70,241",19.54%,0,P,KLH,0
P.064,IPOH TIMOR,WONG KAH WOH,PKR,Harapan,"56,519","70,241",80.46%,1,L,MNG,0
P.065,IPOH BARAT,CHENG WEI YEE,BN,BN,"9,889","65,502",15.10%,0,L,KLH,0
P.065,IPOH BARAT,M. KULA,PKR,Harapan,"55,613","65,502",84.90%,1,L,MNG,0
P.066,BATU GAJAH,LEONG CHEE WAI,BN,BN,"8,982","62,787",14.31%,0,L,KLH,0
P.066,BATU GAJAH,V. SIVAKUMAR,PKR,Harapan,"52,850","62,787",84.17%,1,L,MNG,0
P.066,BATU GAJAH,SEKAR,PSM,BEBAS,955,"62,787",1.52%,0,L,HD,0
P.067,KUALA KANGSAR,DRS. KHALIL IDHAM LIM,PAS,PAS,"6,583","30,056",21.90%,0,L,KLH,0
P.067,KUALA KANGSAR,DR. AHMAD TERMIZI RAMLI,PKR,Harapan,"11,371","30,056",37.83%,0,L,KLH,0
P.067,KUALA KANGSAR,DATIN MASTURA YAZID,BN,BN,"12,102","30,056",40.26%,1,P,MNG,0
P.068,BERUAS,PANG CHOK KING,BN,BN,"13,277","60,267",22.03%,0,L,KLH,0
P.068,BERUAS,DATO' NGEH KOO HAM,PKR,Harapan,"41,231","60,267",68.41%,1,L,MNG,0
P.068,BERUAS,HJ MOHAMAD NAZEER HAMEED,PAS,PAS,"5,759","60,267",9.56%,0,L,HD,0
P.069,PARIT,DR NAJIHA AHMAD,PAS,PAS,"7,715","28,990",26.61%,0,P,KLH,0
P.069,PARIT,USTAZ NIZAR,BN,BN,"14,035","28,990",48.41%,1,L,MNG,0
P.069,PARIT,TARMIZI MOHD JAM,PKR,Harapan,"7,240","28,990",24.97%,0,L,KLH,0
P.070,KAMPAR,YOUGAN,PAS,PAS,"3,864","52,495",7.36%,0,L,HD,0
P.070,KAMPAR,LEE CHEE LEONG,BN,BN,"18,415","52,495",35.08%,0,L,KLH,0
P.070,KAMPAR,SU KEONG SIONG,PKR,Harapan,"30,216","52,495",57.56%,1,L,MNG,0
P.071,GOPENG,DR LEE BOON CHYE,PKR,Harapan,"48,923","79,233",61.75%,1,L,MNG,0
P.071,GOPENG,ISMAIL BIN ARIFFIN,PAS,PAS,"11,165","79,233",14.09%,0,L,KLH,0
P.071,GOPENG,HENG SEAI KIE,BN,BN,"19,145","79,233",24.16%,0,P,KLH,0
P.072,TAPAH,MOHAMED AZNI,PKR,Harapan,"15,472","36,174",42.77%,0,L,KLH,0
P.072,TAPAH,DATUK SERI M. SARAVANAN,BN,BN,"16,086","36,174",44.47%,1,L,MNG,0
P.072,TAPAH,USTAZ NORAZLI BIN MUSA,PAS,PAS,"4,616","36,174",12.76%,0,L,KLH,0
P.073,PASIR SALAK,DR SALIHUDDIN,PKR,Harapan,"12,291","43,445",28.29%,0,L,KLH,0
P.073,PASIR SALAK,DATO SRI TAJUDDIN ABDUL RAHMAN,BN,BN,"20,003","43,445",46.04%,1,L,MNG,0
P.073,PASIR SALAK,USTAZ ZAFARULAZHAN,PAS,PAS,"11,151","43,445",25.67%,0,L,KLH,0
P.074,LUMUT,DATO' SERI DIRAJA DR ZAMBRY ABD KADIR,BN,BN,"21,555","53,645",40.18%,0,L,KLH,0
P.074,LUMUT,ZAMRI IBRAHIM,PAS,PAS,"10,135","53,645",18.89%,0,L,KLH,0
P.074,LUMUT,DR HATTA RAMLI,PKR,Harapan,"21,955","53,645",40.93%,1,L,MNG,0
P.075,BAGAN DATUK,ATA ABDUL MUNEIM DATO' HASAN ADLI,PAS,PAS,"4,061","36,806",11.03%,0,L,HD,0
P.075,BAGAN DATUK,AHMAD ZAHID BIN HAMIDI,BN,BN,"18,909","36,806",51.37%,1,L,MNG,0
P.075,BAGAN DATUK,PAKHRURRAZI HJ ARSHAD,PKR,Harapan,"13,836","36,806",37.59%,0,L,KLH,0
P.076,TELUK INTAN,NGA KOR MING,PKR,Harapan,"29,170","53,655",54.37%,1,L,MNG,0
P.076,TELUK INTAN,DR. AHMAD RAMADZAN,PAS,PAS,"6,494","53,655",12.10%,0,L,HD,0
P.076,TELUK INTAN,MAH SIEW KEONG,BN,BN,"17,991","53,655",33.53%,0,L,KLH,0
P.077,TANJONG MALIM,USTAZ MOHD TARMIZI,PAS,PAS,"10,311","54,297",18.99%,0,L,KLH,0
P.077,TANJONG MALIM,DR MAH HANG SOON,BN,BN,"19,314","54,297",35.57%,0,L,KLH,0
P.077,TANJONG MALIM,CHANG LIH KANG,PKR,Harapan,"24,672","54,297",45.44%,1,L,MNG,0
P.078,CAMERON HIGHLANDS,MANOGARAN,PKR,Harapan,"9,710","24,365",39.85%,0,L,KLH,0
P.078,CAMERON HIGHLANDS,CIKGU WAN MAHADIR,PAS,PAS,"3,587","24,365",14.72%,0,L,KLH,0
P.078,CAMERON HIGHLANDS,DATO' SIVARRAAJH CHANDRAN,BN,BN,"10,307","24,365",42.30%,1,L,MNG,0
P.078,CAMERON HIGHLANDS,USTAZ TAHIR,BERJASA,BEBAS,81,"24,365",0.33%,0,L,HD,0
P.078,CAMERON HIGHLANDS,SURESH KUMAR,PSM,BEBAS,680,"24,365",2.79%,0,L,HD,0
P.079,LIPIS,DATO BADARUDIN ABD RAHAMAN,PKR,Harapan,"7,426","28,092",26.43%,0,L,KLH,0
P.079,LIPIS,ABDUL RAHMAN BIN MOHAMAD,BN,BN,"13,995","28,092",49.82%,1,L,MNG,0
P.079,LIPIS,CIKGU HJ SOBIRIN BIN HJ DULI,PAS,PAS,"6,671","28,092",23.75%,0,L,KLH,0
P.080,RAUB,TENGKU ZULPURI SHAH,PKR,Harapan,"20,659","46,025",44.89%,1,L,MNG,0
P.080,RAUB,CHEW MEI FUN,BN,BN,"17,500","46,025",38.02%,0,P,KLH,0
P.080,RAUB,DR MOHAMED NILAM,PAS,PAS,"7,866","46,025",17.09%,0,L,KLH,0
P.081,JERANTUT,DATO' AHMAD NAZLAN,BN,BN,"22,640","50,249",45.06%,1,L,MNG,0
P.081,JERANTUT,USTAZ YOHANIS AHMAD,PAS,PAS,"16,732","50,249",33.30%,0,L,KLH,0
P.081,JERANTUT,WAN MOHD SHAHRIR,PKR,Harapan,"10,877","50,249",21.65%,0,L,KLH,0
P.082,INDERA MAHKOTA,DATO' DR JOHAN BIN MAT SAH,BN,BN,"17,628","63,721",27.66%,0,L,KLH,DOKTOR
P.082,INDERA MAHKOTA,USTAZ NASRUDIN HASSAN TANTAWI,PAS,PAS,"17,515","63,721",27.49%,0,L,KLH,TIADA
P.082,INDERA MAHKOTA,DATO' SAIFUDDIN ABDULLAH,PKR,Harapan,"28,578","63,721",44.85%,1,L,MNG,TIADA
P.083,KUANTAN,CIKGU SULAIMAN MD DERUS,PAS,PAS,"14,696","51,170",28.72%,0,L,KLH,PENIAGA
P.083,KUANTAN,FUZIAH SALLEH,PKR,Harapan,"22,807","51,170",44.57%,1,P,MNG,0
P.083,KUANTAN,DATO' WONG KEAN HWEE,BN,BN,"13,667","51,170",26.71%,0,L,KLH,PENIAGA
P.084,PAYA BESAR,MOHD ASHRAF MUSTAQIM,PKR,Harapan,"11,776","44,100",26.70%,0,L,KLH,0
P.084,PAYA BESAR,MOHD SHAHAR BIN ABDULLAH,BN,BN,"19,033","44,100",43.16%,1,L,MNG,USAHAWAN
P.084,PAYA BESAR,MOHAMAD AZHAR BIN MOHD NOOR,PAS,PAS,"13,291","44,100",30.14%,0,L,KLH,0
P.085,PEKAN,MUHD ZAHID MD ARIP,PKR,Harapan,"7,662","70,614",10.85%,0,L,HD,AHLI POLITIK
P.085,PEKAN,DATO' SRI MOHD NAJIB BIN TUN ABD RAZAK,BN,BN,"43,854","70,614",62.10%,1,L,MNG,YAB PERDANA MENTERI MALAYSIA
P.085,PEKAN,ABD KADIR BIN SAINUDIN,BEBAS - KAPAL TERBANG,BEBAS,103,"70,614",0.15%,0,L,HD,0
P.085,PEKAN,KAPT (B) AHIATUDIN BIN DAUD,PAS,PAS,"18,995","70,614",26.90%,0,L,KLH,0
P.086,MARAN,CIKGU HASENAN HARON,PAS,PAS,"12,301","32,725",37.59%,0,L,KLH,0
P.086,MARAN,DATO' SRI DR HJ ISMAIL BIN HJ ABD MUTTALIB,BN,BN,"16,064","32,725",49.09%,1,L,MNG,0
P.086,MARAN,AHMAD FARID BIN AHMAD NORDIN,PKR,Harapan,"4,360","32,725",13.32%,0,L,KLH,TIADA
P.087,KUALA KRAU,MOHAMAD RAFIDEE,PKR,Harapan,"5,071","38,311",13.24%,0,L,KLH,0
P.087,KUALA KRAU,USTAZ HAJI KAMAL BIN ASHAARI,PAS,PAS,"15,182","38,311",39.63%,0,L,KLH,0
P.087,KUALA KRAU,DATO' SRI HAJI ISMAIL BIN HAJI MOHAMED SAID,BN,BN,"18,058","38,311",47.14%,1,L,MNG,0
P.088,TEMERLOH,KHAIDIR AHMAD,BEBAS - GAJAH,BEBAS,178,"61,050",0.29%,0,L,HD,0
P.088,TEMERLOH,MUHD FAKHRUDIN B ABU HANIPAH,BEBAS - BUKU,BEBAS,46,"61,050",0.08%,0,L,HD,0
P.088,TEMERLOH,DATO' SRI HAJI MOHD SHARKAR BIN HAJI SHAMSUDIN,BN,BN,"22,094","61,050",36.19%,0,L,KLH,0
P.088,TEMERLOH,HAJI MD JUSOH BIN DARUS,PAS,PAS,"14,734","61,050",24.13%,0,L,KLH,0
P.088,TEMERLOH,HJ ANUAR TAHIR,PKR,Harapan,"23,998","61,050",39.31%,1,L,MNG,0
P.089,BENTONG,DATO' SRI LIOW TIONG LAI,BN,BN,"23,684","55,106",42.98%,0,L,KLH,TIADA
P.089,BENTONG,BALASUBRAMANIAM A/L NACHIAPPAN,PAS,PAS,"5,706","55,106",10.35%,0,L,HD,TIADA
P.089,BENTONG,WONG TACK,PKR,Harapan,"25,716","55,106",46.67%,1,L,MNG,-
P.090,BERA,ZAKARIA ABDUL HAMID,PKR,Harapan,"18,449","47,305",39.00%,0,L,KLH,AHLI PERNIAGAAN
P.090,BERA,MUSANIFF BIN AB. RAHMAN,PAS,PAS,"8,096","47,305",17.11%,0,L,KLH,PESARA
P.090,BERA,ISMAIL SABRI YAAKOB,BN,BN,"20,760","47,305",43.89%,1,L,MNG,MENTERI KEMAJUAN LUAR BANDAR DAN WILAYAH MALAYSIA
P.091,ROMPIN,USTAZ SHAHRUL,PAS,PAS,"15,233","49,737",30.63%,0,L,KLH,TIADA
P.091,ROMPIN,SITARUNISAH BINTI AB KADIR,PKR,Harapan,"7,876","49,737",15.84%,0,P,KLH,BERNIAGA
P.091,ROMPIN,DATO' SRI HASAN BIN ARIFIN,BN,BN,"26,628","49,737",53.54%,1,L,MNG,AHLI PERNIAGAAN
P.092,SABAK BERNAM,DATO' FASIAH,BN,BN,"12,862","33,350",38.57%,1,L,MNG,PESARA
P.092,SABAK BERNAM,USTAZ MUHAMMAD LABIB BIN ABD JALIL,PAS,PAS,"9,300","33,350",27.89%,0,L,KLH,TIADA
P.092,SABAK BERNAM,WARNO BIN DOGOL,PKR,Harapan,"11,188","33,350",33.55%,0,L,KLH,TIADA
P.093,SUNGAI BESAR,CIKGU HAJI SALLEH HUSIN,PAS,PAS,"7,220","41,206",17.52%,0,L,KLH,GURU BERSARA
P.093,SUNGAI BESAR,CIKGU MUSLIMIN,PKR,Harapan,"17,350","41,206",42.11%,1,L,MNG,TIADA
P.093,SUNGAI BESAR,BUDIMAN BIN MOHD ZOHDI,BN,BN,"16,636","41,206",40.37%,0,L,KLH,0
P.094,HULU SELANGOR,KUMAR A/L S. PARAMASIVAM,BEBAS - KUNCI,BEBAS,426,"85,221",0.50%,0,L,HD,NGO
P.094,HULU SELANGOR,JUNE LEOW,PKR,Harapan,"40,783","85,221",47.86%,1,P,MNG,TIADA
P.094,HULU SELANGOR,P.KAMALANATHAN,BN,BN,"27,392","85,221",32.14%,0,L,KLH,TIMBALAN MENTERI
P.094,HULU SELANGOR,DR WAN MAT,PAS,PAS,"16,620","85,221",19.50%,0,L,KLH,TIADA
P.095,TANJONG KARANG,KAPT(B) DATO DR ZULKAFPERI,PKR,Harapan,"15,626","40,498",38.58%,0,L,KLH,AHLI PERNIAGAAN
P.095,TANJONG KARANG,TAN SRI NOH BIN HAJI OMAR,BN,BN,"17,596","40,498",43.45%,1,L,MNG,MENTERI
P.095,TANJONG KARANG,NOR AZ AZLAN BIN AHMAD,PAS,PAS,"7,276","40,498",17.97%,0,L,KLH,TIADA
P.096,KUALA SELANGOR,DR HJ DZULKEFLY AHMAD,PKR,Harapan,"29,842","59,721",49.97%,1,L,MNG,TIADA
P.096,KUALA SELANGOR,IRMOHIZAM,BN,BN,"21,344","59,721",35.74%,0,L,KLH,0
P.096,KUALA SELANGOR,HAJI FAKARUDDIN,PAS,PAS,"8,535","59,721",14.29%,0,L,KLH,0
P.097,SELAYANG,KANG MENG FUAT,BN,BN,"19,501","98,002",19.90%,0,L,KLH,TIADA
P.097,SELAYANG,BRIG. GEN HASHIM KARIM,PAS,PAS,"18,343","98,002",18.72%,0,L,KLH,TIADA
P.097,SELAYANG,WILLIAM LEONG JEE KEEN,PKR,Harapan,"60,158","98,002",61.38%,1,L,MNG,PEGUAM
P.098,GOMBAK,DATO' SERI AZMIN ALI,PKR,Harapan,"75,113","119,042",63.10%,1,L,MNG,DATO MENTERI BESAR SELANGOR
P.098,GOMBAK,Ir. KHAIRIL NIZAM,PAS,PAS,"17,537","119,042",14.73%,0,L,KLH,JURUTERA
P.098,GOMBAK,DATUK ABDUL RAHIM KAMARUDIN,BN,BN,"26,392","119,042",22.17%,0,L,KLH,0
P.099,AMPANG,TAN HUA MENG,PRM,BEBAS,294,"76,550",0.38%,0,L,HD,TIADA
P.099,AMPANG,NURUL ISLAM BIN MOHAMED YUSOFF,PAS,PAS,"9,598","76,550",12.54%,0,L,KLH,BEKERJA SENDIRI
P.099,AMPANG,LEONG KIM SOON,BN,BN,"12,351","76,550",16.13%,0,L,KLH,AHLI PERNIAGAAN
P.099,AMPANG,ZURAIDA KAMARUDDIN,PKR,Harapan,"54,307","76,550",70.94%,1,P,MNG,TIADA
P.100,PANDAN,USTAZ SUKRI OMAR,PAS,PAS,"8,336","85,774",9.72%,0,L,HD,BEKERJA SENDIRI
P.100,PANDAN,DR WAN AZIZAH,PKR,Harapan,"64,733","85,774",75.47%,1,P,MNG,SENDIRI
P.100,PANDAN,LEONG KOK WEE,BN,BN,"12,190","85,774",14.21%,0,L,KLH,PENIAGA
P.100,PANDAN,MOHD KHAIRUL AZAM BIN ABDUL AZIZ,BEBAS - RUMAH,BEBAS,73,"85,774",0.09%,0,L,HD,TIADA
P.100,PANDAN,JENICE LEE YING HA,PRM,BEBAS,442,"85,774",0.52%,0,P,HD,BUSINESS
P.101,HULU LANGAT,DR CHE ROSLI CHE MAT,PAS,PAS,"15,663","88,247",17.75%,0,L,KLH,0
P.101,HULU LANGAT,USTAZ HASANUDDIN MOHD YUNUS,PKR,Harapan,"49,004","88,247",55.53%,1,L,MNG,0
P.101,HULU LANGAT,AZMAN BIN AHMAD,BN,BN,"23,580","88,247",26.72%,0,L,KLH,0
P.102,BANGI,USTAZ SHAFIE NGAH,PAS,PAS,"33,789","156,327",21.61%,0,L,KLH,0
P.102,BANGI,DR. ONG KIAN MING,PKR,Harapan,"102,557","156,327",65.60%,1,L,MNG,0
P.102,BANGI,DENNIS WAN,PRM,BEBAS,215,"156,327",0.14%,0,L,HD,BERNIAGA
P.102,BANGI,LIEW YUEN KEONG,BN,BN,"19,766","156,327",12.64%,0,L,KLH,BERNIAGA
P.103,PUCHONG,MOHAMAD ROSHARIZAN,PAS,PAS,"10,255","83,478",12.28%,0,L,HD,0
P.103,PUCHONG,ANG CHIN TAT,BN,BN,"12,794","83,478",15.33%,0,L,KLH,0
P.103,PUCHONG,GOBIND SINGH DEO,PKR,Harapan,"60,429","83,478",72.39%,1,L,MNG,0
P.104,SUBANG,TOH SIN WAH,BEBAS - GAJAH,BEBAS,173,"125,705",0.14%,0,L,HD,0
P.104,SUBANG,WONG CHEN,PKR,Harapan,"104,430","125,705",83.08%,1,L,MNG,0
P.104,SUBANG,IR. TAN SEONG LIM,BN,BN,"12,077","125,705",9.61%,0,L,HD,0
P.104,SUBANG,SHAHIR ADNAN,PAS,PAS,"9,025","125,705",7.18%,0,L,HD,0
P.105,PETALING JAYA,MARIA CHIN ABDULLAH,PKR,Harapan,"78,984","115,279",68.52%,1,P,MNG,TIADA
P.105,PETALING JAYA,CHEW HIAN TAT,BN,BN,"21,847","115,279",18.95%,0,L,KLH,AHLI PERNIAGAAN
P.105,PETALING JAYA,NORAINI BINTI HUSSIN,PAS,PAS,"14,448","115,279",12.53%,0,P,KLH,TIADA
P.106,DAMANSARA,DATO' WONG MUN KHEONG,PRM,BEBAS,617,"136,280",0.45%,0,L,HD,AHLI EKONOMI
P.106,DAMANSARA,TONY PUA,PKR,Harapan,"121,283","136,280",89.00%,1,L,MNG,0
P.106,DAMANSARA,RYAN HO KWOK XHENG,BN,BN,"14,380","136,280",10.55%,0,L,HD,TIADA
P.107,SUNGAI BULOH,A. PRAKASH RAO,BN,BN,"16,681","77,951",21.40%,0,L,KLH,TIADA
P.107,SUNGAI BULOH,SIVARASA RASIAH,PKR,Harapan,"43,631","77,951",55.97%,1,L,MNG,PEGUAM
P.107,SUNGAI BULOH,USTAZAH NURIDAH,PAS,PAS,"16,997","77,951",21.80%,0,P,KLH,TIADA
P.107,SUNGAI BULOH,ZAINURIZZAMAN BIN MOHARAM,PSM,BEBAS,642,"77,951",0.82%,0,L,HD,AKTIVIS SOSIAL
P.108,SHAH ALAM,DR MOHD ZUHDI BIN MARSUKI,PAS,PAS,"15,194","93,243",16.30%,0,L,KLH,0
P.108,SHAH ALAM,HAJI AZHARI SHAARI,BN,BN,"22,100","93,243",23.70%,0,L,KLH,PENIAGA
P.108,SHAH ALAM,KHALID ABD SAMAD,PKR,Harapan,"55,949","93,243",60.00%,1,L,MNG,0
P.109,KAPAR,ABDULLAH SANI,PKR,Harapan,"47,731","106,093",44.99%,1,L,MNG,0
P.109,KAPAR,MANIKAVASAGAM,PRM,BEBAS,525,"106,093",0.49%,0,L,HD,0
P.109,KAPAR,DR. HJ. ABD RANI BIN OSMAN,PAS,PAS,"31,425","106,093",29.62%,0,L,KLH,0
P.109,KAPAR,MOHANA MUNIANDY,BN,BN,"26,412","106,093",24.90%,0,P,KLH,AHLI PERNIAGAAN
P.110,KLANG,KHAIRUL SHAH KOTTAPPAN,PAS,PAS,"9,169","127,074",7.22%,0,L,HD,BERNIAGA
P.110,KLANG,DATO' CHING EU BOON,BN,BN,"19,506","127,074",15.35%,0,L,KLH,AHLI PERNIAGAAN
P.110,KLANG,CHARLES SANTIAGO,PKR,Harapan,"98,279","127,074",77.34%,1,L,MNG,0
P.110,KLANG,PUVANANDERAN A/L GANASAMOORTHY,BEBAS - KUNCI,BEBAS,120,"127,074",0.09%,0,L,HD,0
P.111,KOTA RAJA,HJ. MOHAMED DIAH BAHARUN,PAS,PAS,"19,555","128,126",15.26%,0,L,KLH,0
P.111,KOTA RAJA,MOHAMAD SABU,PKR,Harapan,"90,697","128,126",70.79%,1,L,MNG,0
P.111,KOTA RAJA,V. GUNALAN,BN,BN,"17,874","128,126",13.95%,0,L,KLH,AHLI PERNIAGAAN
P.112,KUALA LANGAT,DR XAVIER JAYAKUMAR,PKR,Harapan,"43,239","88,097",49.08%,1,L,MNG,0
P.112,KUALA LANGAT,SHAHRIL HAMDAN,BN,BN,"26,127","88,097",29.66%,0,L,KLH,KETUA PEGAWAI EKSEKUTIF
P.112,KUALA LANGAT,DATUK DR. YAHYA BABA,PAS,PAS,"18,731","88,097",21.26%,0,L,KLH,0
P.113,SEPANG,SABIRIN MARSONO,PAS,PAS,"15,882","90,657",17.52%,0,L,KLH,0
P.113,SEPANG,DATO' HAJI MARSUM BIN PAING,BN,BN,"28,035","90,657",30.92%,0,L,KLH,0
P.113,SEPANG,MOHAMED HANIPA BIN MAIDIN,PKR,Harapan,"46,740","90,657",51.56%,1,L,MNG,PEGUAM
P.114,KEPONG,LIM LIP ENG,PKR,Harapan,"56,516","61,404",92.04%,1,L,MNG,PEGUAM
P.114,KEPONG,ONG SIANG LIANG,BN,BN,"4,888","61,404",7.96%,0,L,HD,PEGUAM
P.115,BATU,DATUK V M PANJAMOTHY,BEBAS - GAJAH,BEBAS,383,"62,805",0.61%,0,L,HD,TIADA
P.115,BATU,DR. DOMINIC LAU HOE CHAI,BN,BN,"13,687","62,805",21.79%,0,L,KLH,PENIAGA
P.115,BATU,PRABAKARAN,BEBAS - KUNCI,BEBAS,"38,125","62,805",60.70%,1,L,MNG,TIADA
P.115,BATU,AZHAR YAHYA,PAS,PAS,"10,610","62,805",16.89%,0,L,KLH,TIADA
P.116,WANGSA MAJU,YEW TEONG LOOK,BN,BN,"17,940","73,608",24.37%,0,L,KLH,AHLI POLITIK
P.116,WANGSA MAJU,DR. TAN YEE KEW,PKR,Harapan,"42,178","73,608",57.30%,1,P,MNG,TIADA
P.116,WANGSA MAJU,HAJI RAZALI BIN TUMIRIN,PAS,PAS,"13,490","73,608",18.33%,0,L,KLH,PESARA
P.117,SEGAMBUT,SOLLEH RAZAK,PAS,PAS,"4,181","64,727",6.46%,0,L,HD,TIADA
P.117,SEGAMBUT,LOGA BALA MOHAN,BN,BN,"7,422","64,727",11.47%,0,L,HD,TIADA
P.117,SEGAMBUT,HANNAH YEOH,PKR,Harapan,"53,124","64,727",82.07%,1,P,MNG,TIADA
P.118,SETIAWANGSA,NIK NAZMI BIN NIK AHMAD,PKR,Harapan,"34,471","60,852",56.65%,1,L,MNG,TIADA
P.118,SETIAWANGSA,USTAZ UBAID BIN HAJI ABD AKLA,PAS,PAS,"6,282","60,852",10.32%,0,L,HD,USAHAWAN
P.118,SETIAWANGSA,ZULHASNAN BIN RAFIQUE,BN,BN,"20,099","60,852",33.03%,0,L,KLH,AHLI PERNIAGAAN
P.119,TITIWANGSA,DATUK SERI JOHARI GHANI,BN,BN,"19,701","50,386",39.10%,0,L,KLH,MENTERI KEWANGAN 2 (CARETAKER)
P.119,TITIWANGSA,RINA MOHD HARUN,PKR,Harapan,"23,840","50,386",47.31%,1,P,MNG,TIADA
P.119,TITIWANGSA,HAJI MOHAMAD NOOR MOHAMAD,PAS,PAS,"6,845","50,386",13.59%,0,L,KLH,TIADA
P.120,BUKIT BINTANG,KHAIRUL,PFP,BEBAS,636,"52,408",1.21%,0,L,HD,AKTIVIS NGO
P.120,BUKIT BINTANG,ANN TAN EAN EAN,BN,BN,"7,256","52,408",13.85%,0,P,KLH,PEGUAM
P.120,BUKIT BINTANG,FONG KUI LUN,PKR,Harapan,"44,516","52,408",84.94%,1,L,MNG,TIADA
P.121,LEMBAH PANTAI,FAUZI BIN ABU BAKAR,PAS,PAS,"5,277","66,305",7.96%,0,L,HD,BEKERJA SENDIRI
P.121,LEMBAH PANTAI,RAJA NONG CHIK,BN,BN,"27,715","66,305",41.80%,0,L,KLH,BERNIAGA
P.121,LEMBAH PANTAI,FAHMI FADZIL,PKR,Harapan,"33,313","66,305",50.24%,1,L,MNG,PENGARAH KOMUNIKASI PARTI KEADILAN RAKYAT
P.122,SEPUTEH,CHAN QUIN ER,BN,BN,"7,035","70,129",10.03%,0,P,HD,TIADA
P.122,SEPUTEH,TERESA KOK,PKR,Harapan,"63,094","70,129",89.97%,1,P,MNG,TIADA
P.123,CHERAS,HENG SINN YEE,BN,BN,"7,006","63,677",11.00%,0,P,HD,TIADA
P.123,CHERAS,TAN KOK WAI,PKR,Harapan,"56,671","63,677",89.00%,1,L,MNG,TIADA
P.124,BANDAR TUN RAZAK,ADNAN BIN SEMAN,BN,BN,"21,196","70,206",30.19%,0,L,KLH,TIADA
P.124,BANDAR TUN RAZAK,DATO' KAMARUDIN JAFFAR,PKR,Harapan,"41,126","70,206",58.58%,1,L,MNG,TIADA
P.124,BANDAR TUN RAZAK,DR. ROSNI ADAM,PAS,PAS,"7,884","70,206",11.23%,0,P,HD,BEKERJA SENDIRI
P.125,PUTRAJAYA,TENGKU ADNAN BIN TENGKU MANSOR,BN,BN,"12,148","24,558",49.47%,1,L,MNG,SETIAUSAHA AGUNG UMNO MALAYSIA
P.125,PUTRAJAYA,HJ ZAINAL ABIDIN KIDAM,PAS,PAS,"3,634","24,558",14.80%,0,L,KLH,EKSEKUTIF SYARIKAT
P.125,PUTRAJAYA,SAMSU ADABI BIN MAMAT,PKR,Harapan,"8,776","24,558",35.74%,0,L,KLH,TIADA
P.126,JELEBU,IR MUSTAFAR KADIR,PKR,Harapan,"17,017","38,957",43.68%,0,L,KLH,0
P.126,JELEBU,JALALUDDIN BIN ALIAS,BN,BN,"19,062","38,957",48.93%,1,L,MNG,0
P.126,JELEBU,NORMAN IPIN,PAS,PAS,"2,878","38,957",7.39%,0,L,HD,BERNIAGA
P.127,JEMPOL,KAMARULZAMAN KAMDIAS,PKR,Harapan,"25,188","57,274",43.98%,0,L,KLH,BEKERJA SENDIRI
P.127,JEMPOL,MUSTAFFA BIN DAHARUN,PAS,PAS,"5,267","57,274",9.20%,0,L,HD,PESARA
P.127,JEMPOL,DATO' HJ SALIM SHARIF,BN,BN,"26,819","57,274",46.83%,1,L,MNG,AHLI PERNIAGAAN
P.128,SEREMBAN,AH CHONG @ CHONG SIN WOON,BN,BN,"24,809","91,818",27.02%,0,L,KLH,TIADA
P.128,SEREMBAN,HAJI SHARIFFUDDIN,PAS,PAS,"11,506","91,818",12.53%,0,L,KLH,TIADA
P.128,SEREMBAN,LOKE SIEW FOOK,PKR,Harapan,"55,503","91,818",60.45%,1,L,MNG,TIADA
P.129,KUALA PILAH,HAJI RAFIEI,PAS,PAS,"4,347","40,237",10.80%,0,L,HD,PESARA
P.129,KUALA PILAH,HASAN BIN MALEK,BN,BN,"17,845","40,237",44.35%,0,L,KLH,0
P.129,KUALA PILAH,EDDIN SYAZLEE SHITH,PKR,Harapan,"18,045","40,237",44.85%,1,L,MNG,PEGUAM
P.130,RASAH,USTAZ KHAIRIL ANUAR WAFA,PAS,PAS,"8,260","85,307",9.68%,0,L,HD,BEKERJA SENDIRI
P.130,RASAH,NG KIAN NAM,BN,BN,"14,939","85,307",17.51%,0,L,KLH,PEGUAM
P.130,RASAH,DAVID DASS ASEERPATHAM,PAP,BEBAS,302,"85,307",0.35%,0,L,HD,INVENTOR
P.130,RASAH,CHA KEE CHIN,PKR,Harapan,"61,806","85,307",72.45%,1,L,MNG,0
P.131,REMBAU,MUSTAFA,PAS,PAS,"6,028","73,856",8.16%,0,L,HD,0
P.131,REMBAU,KHAIRY JAMALUDDIN,BN,BN,"36,096","73,856",48.87%,1,L,MNG,0
P.131,REMBAU,LT KOL ROSELI BIN ABDUL GANI (B),PKR,Harapan,"31,732","73,856",42.96%,0,L,KLH,0
P.132,PORT DICKSON,USTAZ MAHFUZ ROSLAN,PAS,PAS,"6,594","61,334",10.75%,0,L,HD,KERJA SENDIRI
P.132,PORT DICKSON,DATO DANYAL,PKR,Harapan,"36,225","61,334",59.06%,1,L,MNG,0
P.132,PORT DICKSON,DATO VS MOGAN,BN,BN,"18,515","61,334",30.19%,0,L,KLH,0
P.133,TAMPIN,DR HASAN BAHROM,PKR,Harapan,"22,435","48,466",46.29%,1,L,MNG,0
P.133,TAMPIN,SHAZIMAN BIN ABU MANSOR,BN,BN,"21,433","48,466",44.22%,0,L,KLH,AHLI PERNIAGAAN
P.133,TAMPIN,MEJAR ABDUL HALIM BIN ABU BAKAR (BERSARA),PAS,PAS,"4,598","48,466",9.49%,0,L,HD,SENDIRI
P.134,MASJID TANAH,DATUK DR. SABIRIN BIN JA'AFAR,PKR,Harapan,"14,739","42,325",34.82%,0,L,KLH,TIADA
P.134,MASJID TANAH,USTAZ NASIR OTHMAN,PAS,PAS,"4,688","42,325",11.08%,0,L,HD,BEKERJA SENDIRI
P.134,MASJID TANAH,MAS ERMIEYATI,BN,BN,"22,898","42,325",54.10%,1,P,MNG,TIADA
P.135,ALOR GAJAH,NAZREE ARIS,PAS,PAS,"6,135","57,815",10.61%,0,L,HD,KERJA SENDIRI
P.135,ALOR GAJAH,MOHD REDZUAN YUSOF (PAK WAN ),PKR,Harapan,"29,330","57,815",50.73%,1,L,MNG,AHLI PERNIAGAAN
P.135,ALOR GAJAH,WONG NAI CHEE,BN,BN,"22,350","57,815",38.66%,0,L,KLH,TIADA
P.136,TANGGA BATU,PROF. MADYA RUSNAH,PKR,Harapan,"32,420","69,142",46.89%,1,P,MNG,0
P.136,TANGGA BATU,DATUK ZALI MAT YASIN.,BN,BN,"27,761","69,142",40.15%,0,L,KLH,TIADA
P.136,TANGGA BATU,TUAN GURU UST ZULKIFLI ISMAIL,PAS,PAS,"8,961","69,142",12.96%,0,L,KLH,TIADA
P.137,HANG TUAH JAYA,SHAMSUL ISKANDAR HAJI MOHD AKIN,PKR,Harapan,"39,067","76,583",51.01%,1,L,MNG,PEGUAM
P.137,HANG TUAH JAYA,TAN SRI HJ MOHD ALI BIN MOHD RUSTAM,BN,BN,"30,427","76,583",39.73%,0,L,KLH,AHLI POLITIK
P.137,HANG TUAH JAYA,DR KHALID KASSIM,PAS,PAS,"7,089","76,583",9.26%,0,L,HD,TIADA
P.138,KOTA MELAKA,ERIC CHOO WEI SERN,BN,BN,"27,343","105,276",25.97%,0,L,KLH,PEGUAM
P.138,KOTA MELAKA,KHOO POAY TIONG,PKR,Harapan,"76,518","105,276",72.68%,1,L,MNG,AHLI POLITIK
P.138,KOTA MELAKA,GOH LEONG SAN,BEBAS - KUNCI,BEBAS,"1,415","105,276",1.34%,0,L,HD,TIADA
P.139,JASIN,KHAIRUDDIN ABU HASSAN,PKR,Harapan,"26,341","61,761",42.65%,0,L,KLH,TIADA
P.139,JASIN,ABD. ALIM SHAPIE,PAS,PAS,"8,860","61,761",14.35%,0,L,KLH,TIADA
P.139,JASIN,DATUK SERI HAJI AHMAD HAMZAH,BN,BN,"26,560","61,761",43.00%,1,L,MNG,0
P.140,SEGAMAT,KHAIRUL FAIZI BIN AHMAD KAMIL,PAS,PAS,"2,676","45,320",5.90%,0,L,HD,TIADA
P.140,SEGAMAT,DR. S. SUBRAMANIAM,BN,BN,"18,584","45,320",41.01%,0,L,KLH,0
P.140,SEGAMAT,DATO' SERI DR. SANTHARA,PKR,Harapan,"24,060","45,320",53.09%,1,L,MNG,0
P.141,SEKIJANG,DATUK AYUB BIN RAHMAT,BN,BN,"18,278","37,837",48.31%,0,L,KLH,0
P.141,SEKIJANG,NATRAH ISMAIL,PKR,Harapan,"19,559","37,837",51.69%,1,P,MNG,0
P.142,LABIS,PANG HOK LIONG,PKR,Harapan,"16,709","32,030",52.17%,1,L,MNG,PEGUAM
P.142,LABIS,DATUK SARCHU SAWAL,PAS,PAS,"2,020","32,030",6.31%,0,L,HD,0
P.142,LABIS,CHUA TEE YONG,BN,BN,"13,301","32,030",41.53%,0,L,KLH,0
P.143,PAGOH,ISMAIL BIN MOHAMED,BN,BN,"16,631","42,672",38.97%,0,L,KLH,0
P.143,PAGOH,TAN SRI MUHYIDDIN YASSIN,PKR,Harapan,"23,558","42,672",55.21%,1,L,MNG,0
P.143,PAGOH,AHMAD NAWFAL BIN MAHFODZ,PAS,PAS,"2,483","42,672",5.82%,0,L,HD,0
P.144,LEDANG,RUSMAN BIN KEMIN,PAS,PAS,"4,668","65,414",7.14%,0,L,HD,0
P.144,LEDANG,DATUK IR. DR. HJ. HAMIM SAMURI,BN,BN,"26,040","65,414",39.81%,0,L,KLH,0
P.144,LEDANG,SYED IBRAHIM BIN SYED NOH,PKR,Harapan,"34,706","65,414",53.06%,1,L,MNG,0
P.145,BAKRI,KOH CHON CHAI,BN,BN,"15,507","61,800",25.09%,0,L,KLH,0
P.145,BAKRI,YEO BEE YIN,PKR,Harapan,"38,718","61,800",62.65%,1,P,MNG,0
P.145,BAKRI,ZARUL BIN SALLEH,PAS,PAS,"7,575","61,800",12.26%,0,L,HD,0
P.146,MUAR,CIKGU HAJI ABDUL AZIZ BIN TALIB,PAS,PAS,"4,354","42,083",10.35%,0,L,HD,0
P.146,MUAR,SYED SADDIQ,PKR,Harapan,"22,341","42,083",53.09%,1,L,MNG,0
P.146,MUAR,DATUK SERI RAZALI BIN IBRAHIM,BN,BN,"15,388","42,083",36.57%,0,L,KLH,0
P.147,PARIT SULONG,DATO' DR. NORAINI AHMAD,BN,BN,"24,481","49,769",49.19%,1,P,MNG,0
P.147,PARIT SULONG,ANIS AFIDA,PKR,Harapan,"18,140","49,769",36.45%,0,P,KLH,0
P.147,PARIT SULONG,AHMAD ROSDI BIN BAHARI,PAS,PAS,"7,148","49,769",14.36%,0,L,KLH,0
P.148,AYER HITAM,HJ MARDI MARWAN,PAS,PAS,"4,975","38,824",12.81%,0,L,KLH,0
P.148,AYER HITAM,WEE KA SIONG,BN,BN,"17,076","38,824",43.98%,1,L,MNG,0
P.148,AYER HITAM,LIEW CHIN TONG,PKR,Harapan,"16,773","38,824",43.20%,0,L,KLH,0
P.149,SRI GADING,DATUK DR SHAHRUDDIN SALLEH,PKR,Harapan,"21,511","44,282",48.58%,1,L,MNG,0
P.149,SRI GADING,LT KOL HJ M ASHARI SIDON,PAS,PAS,"4,548","44,282",10.27%,0,L,HD,0
P.149,SRI GADING,DATUK AZIZ KAPRAWI,BN,BN,"18,223","44,282",41.15%,0,L,KLH,0
P.150,BATU PAHAT,DATO' DR MAHFODZ BIN MOHAMED,PAS,PAS,"8,173","82,137",9.95%,0,L,HD,0
P.150,BATU PAHAT,MOHD RASHID,PKR,Harapan,"45,929","82,137",55.92%,1,L,MNG,0
P.150,BATU PAHAT,HALIZA BINTI ABDULLAH,BN,BN,"28,035","82,137",34.13%,0,P,KLH,0
P.151,SIMPANG RENGGAM,HJ JUBRI,PAS,PAS,"2,983","35,822",8.33%,0,L,HD,0
P.151,SIMPANG RENGGAM,DR.MASZLEE MALIK,PKR,Harapan,"18,157","35,822",50.69%,1,L,MNG,0
P.151,SIMPANG RENGGAM,LIANG TECK MENG,BN,BN,"14,682","35,822",40.99%,0,L,KLH,0
P.152,KLUANG,HASBULLAH NAJIB,PAS,PAS,"8,242","80,531",10.23%,0,L,HD,0
P.152,KLUANG,WONG SHU QI,PKR,Harapan,"47,671","80,531",59.20%,1,P,MNG,0
P.152,KLUANG,GAN PING SIEU,BN,BN,"24,618","80,531",30.57%,0,L,KLH,0
P.153,SEMBRONG,DATO' SERI HISHAMMUDDIN TUN HUSSEIN,BN,BN,"21,353","36,044",59.24%,1,L,MNG,0
P.153,SEMBRONG,ONN BIN ABU BAKAR,PKR,Harapan,"14,691","36,044",40.76%,0,L,KLH,0
P.154,MERSING,IR MD NASIR BIN HASHIM,PKR,Harapan,"11,347","37,368",30.37%,0,L,KLH,0
P.154,MERSING,A. RAHMAN BIN A. HAMID,PAS,PAS,"6,215","37,368",16.63%,0,L,KLH,0
P.154,MERSING,DR ABD LATIFF,BN,BN,"19,806","37,368",53.00%,1,L,MNG,DOKTOR
P.155,TENGGARA,NORJEPRI BIN MOHAMED JELANI,PKR,Harapan,"14,209","37,034",38.37%,0,L,KLH,0
P.155,TENGGARA,CIKGU YUHA,PAS,PAS,"2,683","37,034",7.24%,0,P,HD,0
P.155,TENGGARA,DATUK SERI DR. ADHAM BIN BABA,BN,BN,"20,142","37,034",54.39%,1,L,MNG,0
P.156,KOTA TINGGI,HJH AZLINDA LATIF,PKR,Harapan,"11,786","38,193",30.86%,0,P,KLH,0
P.156,KOTA TINGGI,DATUK HALIMAH BINTI MOHAMED SADIQUE,BN,BN,"26,407","38,193",69.14%,1,P,MNG,0
P.157,PENGERANG,NORLIZA NGADIRAN,PKR,Harapan,"10,412","32,241",32.29%,0,P,KLH,0
P.157,PENGERANG,AZALINA OTHMAN SAID,BN,BN,"21,829","32,241",67.71%,1,P,MNG,0
P.158,TEBRAU,STEVEN CHOONG,PKR,Harapan,"64,535","103,943",62.09%,1,L,MNG,0
P.158,TEBRAU,HOU KOK CHUNG,BN,BN,"27,310","103,943",26.27%,0,L,KLH,0
P.158,TEBRAU,USTAZ ABDULLAH HUSIN,PAS,PAS,"12,098","103,943",11.64%,0,L,HD,0
P.159,PASIR GUDANG,AB.AZIZ BIN ABDULLAH,PAS,PAS,"6,278","105,009",5.98%,0,L,HD,0
P.159,PASIR GUDANG,MOHAMED KHALED NORDIN,BN,BN,"36,889","105,009",35.13%,0,L,KLH,0
P.159,PASIR GUDANG,CHEE JOCK,BEBAS - KERETA,BEBAS,227,"105,009",0.22%,0,L,HD,0
P.159,PASIR GUDANG,HASSAN BIN ABDUL KARIM,PKR,Harapan,"61,615","105,009",58.68%,1,L,MNG,PEGUAM
P.160,JOHOR BAHRU,TAN SRI SHAHRIR ABDUL SAMAD,BN,BN,"30,270","80,322",37.69%,0,L,KLH,0
P.160,JOHOR BAHRU,AKMAL NASIR,PKR,Harapan,"50,052","80,322",62.31%,1,L,MNG,0
P.161,PULAI,YAP KENG TAK,BEBAS - TELEFON,BEBAS,591,"86,893",0.68%,0,L,HD,0
P.161,PULAI,SALAHUDDIN AYUB,PKR,Harapan,"55,447","86,893",63.81%,1,L,MNG,0
P.161,PULAI,DATUK NUR JAZLAN BIN MOHAMED,BN,BN,"26,523","86,893",30.52%,0,L,KLH,0
P.161,PULAI,DR. MOHD MAZRI BIN YAHYA,PAS,PAS,"4,332","86,893",4.99%,0,L,HD,0
P.162,ISKANDAR PUTERI,JASON TEOH SEW HOCK,BN,BN,"35,862","116,588",30.76%,0,L,KLH,0
P.162,ISKANDAR PUTERI,LIM KIT SIANG,PKR,Harapan,"80,726","116,588",69.24%,1,L,MNG,0
P.163,KULAI,TANG NAI SOON,BN,BN,"22,564","84,543",26.69%,0,L,KLH,0
P.163,KULAI,USTAZ JUWAHIR BIN AMIN,PAS,PAS,"6,667","84,543",7.89%,0,L,HD,0
P.163,KULAI,TEO NIE CHING,PKR,Harapan,"55,312","84,543",65.42%,1,P,MNG,0
P.164,PONTIAN,HAJI KARMAINE BIN SARDINI,PKR,Harapan,"20,299","45,726",44.39%,0,L,KLH,0
P.164,PONTIAN,DATUK SERI HAJI AHMAD HAJI MASLAN,BN,BN,"21,132","45,726",46.21%,1,L,MNG,0
P.164,PONTIAN,DR BAHAROM MOHAMAD,PAS,PAS,"4,295","45,726",9.39%,0,L,HD,0
P.165,TANJUNG PIAI,NORDIN BIN OTHMAN,PAS,PAS,"2,962","44,948",6.59%,0,L,HD,0
P.165,TANJUNG PIAI,WEE JECK SENG,BN,BN,"20,731","44,948",46.12%,0,L,KLH,0
P.165,TANJUNG PIAI,MD FARID,PKR,Harapan,"21,255","44,948",47.29%,1,L,MNG,0
P.166,LABUAN,ROZMAN BIN ISLI,BN,BN,"10,164","21,358",47.59%,1,L,MNG,TIADA
P.166,LABUAN,SITI ZALEHA S.W.IBRAHIM,HR,BEBAS,925,"21,358",4.33%,0,P,HD,BERNIAGA SENDIRI
P.166,LABUAN,USTAZ JUNID,PAS,PAS,"1,555","21,358",7.28%,0,L,HD,TIADA
P.166,LABUAN,NOOR HALIM BIN ZAINI,WARISAN,Harapan,"8,714","21,358",40.80%,0,L,KLH,TIADA
P.167,KUDAT,SHARIFF AZMAN SH ALONG,WARISAN,Harapan,"17,144","37,079",46.24%,0,L,KLH,0
P.167,KUDAT,MOHD ASHRAF CHIN ABDULLAH,PPRS,BEBAS,"1,432","37,079",3.86%,0,L,HD,0
P.167,KUDAT,DATUK ABDUL RAHIM BAKRI,BN,BN,"18,503","37,079",49.90%,1,L,MNG,TIADA
P.168,KOTA MARUDU,DR. PAUL PORODONG,PCS,BEBAS,"2,501","33,906",7.38%,0,L,HD,AHLI PERNIAGAAN
P.168,KOTA MARUDU,DATUK MAIJOL MAHAP,HR,BEBAS,"11,259","33,906",33.21%,0,L,KLH,PEGUAM
P.168,KOTA MARUDU,BARLUS BIN MANGABIS,WARISAN,Harapan,"7,113","33,906",20.98%,0,L,KLH,TIADA
P.168,KOTA MARUDU,DATUK SERI PANGLIMA DR. MAXIMUS JOHNITY ONGKILI,BN,BN,"13,033","33,906",38.44%,1,L,MNG,"MENTERI TENAGA, TEKNOLOGI HIJAU & AIR"
P.169,KOTA BELUD,HJ. AG LAIMAN BIN HJ. IKIN,PAS,PAS,"1,410","46,098",3.06%,0,L,HD,TIADA
P.169,KOTA BELUD,SALLEH SAID KERUAK,BN,BN,"19,167","46,098",41.58%,0,L,KLH,MENTERI KABINET MALAYSIA
P.169,KOTA BELUD,MIASIN@AIMADUDDIN BIN MION,HR,BEBAS,"2,092","46,098",4.54%,0,L,HD,BERNIAGA
P.169,KOTA BELUD,MUNIRAH MAJILIS,WARISAN,Harapan,"23,429","46,098",50.82%,1,P,MNG,TIADA
P.170,TUARAN,DATUK SERI PANGLIMA WILFRED MADIUS TANGAU,BN,BN,"22,494","43,643",51.54%,1,L,MNG,AHLI PERNIAGAAN
P.170,TUARAN,CHRISNADIA SINAM,PKR,Harapan,"14,870","43,643",34.07%,0,P,KLH,TIADA
P.170,TUARAN,SYRA PETER @ P GOM,HR,BEBAS,"2,311","43,643",5.30%,0,P,HD,BERNIAGA
P.170,TUARAN,KALAKAU @ KALAKAN BIN UNTOL @ ENTOL,PCS,BEBAS,"2,611","43,643",5.98%,0,L,HD,TIADA
P.170,TUARAN,PAUMIN @ MOHD AMINUDDIN BIN ALING,PAS,PAS,"1,357","43,643",3.11%,0,L,HD,TIADA
P.171,SEPANGGAR,JEFFREY KUMIN,SAPP,BEBAS,"2,958","47,785",6.19%,0,L,HD,BEKERJA SENDIRI
P.171,SEPANGGAR,ROBERT SOPINING,PCS,BEBAS,971,"47,785",2.03%,0,L,HD,TIADA
P.171,SEPANGGAR,ABD RAHMAN BIN DAHLAN,BN,BN,"15,436","47,785",32.30%,0,L,KLH,MENTERI KABINET MALAYSIA
P.171,SEPANGGAR,MOHD AZIS BIN JAMMAN,WARISAN,Harapan,"28,420","47,785",59.47%,1,L,MNG,TIADA
P.172,KOTA KINABALU,DR. JOSEPH LEE HAN KYUN,BN,BN,"7,546","42,310",17.84%,0,L,KLH,DOKTOR PERUBATAN
P.172,KOTA KINABALU,YONG TECK LEE,SAPP,BEBAS,"3,132","42,310",7.40%,0,L,HD,PEGUAM
P.172,KOTA KINABALU,CHAN FOONG HIN,DAP,Harapan,"31,632","42,310",74.76%,1,L,MNG,0
P.173,PUTATAN,EDMUND JIVOL DOUDILIM,HR,BEBAS,"1,755","30,790",5.70%,0,L,HD,BERNIAGA
P.173,PUTATAN,ZULZAIM HILMEE ABIDIN,PAS,PAS,"2,434","30,790",7.91%,0,L,HD,TIADA
P.173,PUTATAN,AWANG HUSAINI BIN DATUK SAHARI,PKR,Harapan,"14,106","30,790",45.81%,1,L,MNG,KERJA SENDIRI
P.173,PUTATAN,MIL KUSIN ABDILLAH SULAI,ANAKNEGERI,BEBAS,728,"30,790",2.36%,0,L,HD,BERNIAGA
P.173,PUTATAN,DATUK DR. MARCUS MAKIN MOJIGOH,BN,BN,"11,767","30,790",38.22%,0,L,KLH,AHLI PERNIAGAAN
P.174,PENAMPANG,DARELL LEIKING,WARISAN,Harapan,"32,470","43,108",75.32%,1,L,MNG,PEGUAM
P.174,PENAMPANG,CLEFTUS STEPHEN SPINE,SOLIDARITI,Harapan,"1,196","43,108",2.77%,0,L,HD,TIADA
P.174,PENAMPANG,CEASAR MANDELA MALAKUN,BN,BN,"8,997","43,108",20.87%,0,L,KLH,USAHAWAN
P.174,PENAMPANG,DR. EDWIN @ JACK BOSI,ANAKNEGERI,BEBAS,445,"43,108",1.03%,0,L,HD,AHLI PERNIAGAAN
P.175,PAPAR,ELBERT BIN SIKUIL,PCS,BEBAS,481,"35,836",1.34%,0,L,HD,TIADA
P.175,PAPAR,ROSNAH HJ ABD RASHID SHIRLIN,BN,BN,"17,069","35,836",47.63%,0,P,KLH,AHLI POLITIK
P.175,PAPAR,JAMIL BIN WILLIAM CORE,SOLIDARITI,Harapan,892,"35,836",2.49%,0,L,HD,PESARA
P.175,PAPAR,AHMAD BIN HASSAN,WARISAN,Harapan,"17,394","35,836",48.54%,1,L,MNG,TIADA
P.176,KIMANIS,ANIFAH AMAN,BN,BN,"11,942","25,028",47.71%,1,L,MNG,MENTERI KABINET MALAYSIA
P.176,KIMANIS,KARIM BIN BUJANG,WARISAN,Harapan,"11,786","25,028",47.09%,0,L,KLH,TIADA
P.176,KIMANIS,JAAFAR BIN ISMAIL,HR,BEBAS,"1,300","25,028",5.19%,0,L,HD,BERNIAGA SENDIRI
P.177,BEAUFORT,DATUK AZIZAH BINTI MOHD DUN,BN,BN,"11,354","27,212",41.72%,1,P,MNG,TIMBALAN MENTERI KABINET MALAYSIA
P.177,BEAUFORT,DATUK JOHN OT GHANI,PKR,Harapan,"7,835","27,212",28.79%,0,L,KLH,KERJA SENDIRI
P.177,BEAUFORT,LAJIM BIN UKIN (DATUK SERI PANGLIMA),HR,BEBAS,"8,023","27,212",29.48%,0,L,KLH,AHLI POLITIK
P.178,SIPITANG,HAFEZ MUSA,BN,BN,"12,038","24,771",48.60%,1,L,MNG,AHLI PERNIAGAAN
P.178,SIPITANG,NOOR HAYATY BINTI MUSTAPHA,WARISAN,Harapan,"11,186","24,771",45.16%,0,P,KLH,TIADA
P.178,SIPITANG,DAYANG AEZZY BINTI LIMAN,HR,BEBAS,"1,547","24,771",6.25%,0,P,HD,BERNIAGA SENDIRI
P.179,RANAU,DATUK DR. EWON EBIN,BN,BN,"13,804","32,942",41.90%,0,L,KLH,PEGUAM
P.179,RANAU,ANDAU BIN YASUN @ BRUNO,PCS,BEBAS,"1,110","32,942",3.37%,0,L,HD,TIADA
P.179,RANAU,JONATHAN BIN YASIN,PKR,Harapan,"14,880","32,942",45.17%,1,L,MNG,PEGUAMBELA DAN PEGUAMCARA
P.179,RANAU,SOUDI @ SAMI BIN ANDANG,SOLIDARITI,Harapan,"3,148","32,942",9.56%,0,L,HD,PESARA
P.180,KENINGAU,JIUS BIN AWANG,PCS,BEBAS,433,"40,149",1.08%,0,L,HD,TIADA
P.180,KENINGAU,MAIMIN @ JEFFRUS RIJAN,BEBAS - KUNCI,BEBAS,248,"40,149",0.62%,0,L,HD,TIADA
P.180,KENINGAU,DATUK DANIEL KINSIK,BN,BN,"12,742","40,149",31.74%,0,L,KLH,PENIAGA
P.180,KENINGAU,DATUK DR. JEFFREY KITINGAN,SOLIDARITI,Harapan,"13,286","40,149",33.09%,1,L,MNG,PENIAGA
P.180,KENINGAU,DATUK JUSTIN GUKA,BEBAS - BUKU,BEBAS,199,"40,149",0.50%,0,L,HD,TIADA
P.180,KENINGAU,JAKE NOINTIN,WARISAN,Harapan,"13,241","40,149",32.98%,0,L,KLH,TIADA
P.181,TENOM,RUBIN BIN BALANG,BN,BN,"10,230","22,238",46.00%,0,L,KLH,PENGERUSI LEMBAGA INDUSTRI GETAH
P.181,TENOM,NOORITA SUAL,DAP,Harapan,"11,363","22,238",51.10%,1,P,MNG,PEGUAM
P.181,TENOM,LAIMOI @ YUSLINAH BINTI LAIKIM,HR,BEBAS,645,"22,238",2.90%,0,P,HD,BERNIAGA SENDIRI
P.182,PENSIANGAN,RICHARD JOE JIMMY,SOLIDARITI,Harapan,"2,839","24,368",11.65%,0,L,HD,PESARA
P.182,PENSIANGAN,RAYMOND BIN AHUAR,PKR,Harapan,"9,469","24,368",38.86%,0,L,KLH,KERJA SENDIRI
P.182,PENSIANGAN,MAIDIN BIN ATAK @ MAIDIN HAJI OSMAN,PCS,BEBAS,212,"24,368",0.87%,0,L,HD,TIADA
P.182,PENSIANGAN,ARTHUR JOSEPH KURUP,BN,BN,"11,783","24,368",48.35%,1,L,MNG,TIADA
P.182,PENSIANGAN,ENGAH BIN SINTAN,BEBAS - RUMAH,BEBAS,65,"24,368",0.27%,0,L,HD,BERNIAGA
P.183,BELURAN,DATUK RONALD KIANDEE,BN,BN,"13,007","20,698",62.84%,1,L,MNG,TIMBALAN SPEAKER DEWAN RAKYAT
P.183,BELURAN,SALIMAH BINTI OYONG,BEBAS - BUKU,BEBAS,246,"20,698",1.19%,0,P,HD,SURI RUMAH
P.183,BELURAN,TOIDY LUIT,PCS,BEBAS,284,"20,698",1.37%,0,L,HD,TIADA
P.183,BELURAN,SIPIN BIN KADANDI,HR,BEBAS,996,"20,698",4.81%,0,L,HD,BERNIAGA SENDIRI
P.183,BELURAN,DR. JAPAR BIN ZAIRUN,WARISAN,Harapan,"5,892","20,698",28.47%,0,L,KLH,TIADA
P.183,BELURAN,LEM MATIN @ SALIM BIN MATIN,PPRS,BEBAS,273,"20,698",1.32%,0,L,HD,TIADA
P.184,LIBARAN,ZAKARIA BIN MOHD. EDRIS @ TUBAU,BN,BN,"17,799","36,143",49.25%,1,L,MNG,PEMBANTU MENTERI KABINET NEGERI SABAH
P.184,LIBARAN,ALFIAN BIN MANSYUR,HR,BEBAS,"1,223","36,143",3.38%,0,L,HD,BERNIAGA SENDIRI
P.184,LIBARAN,IRWANSHAH BIN MUSTAPA,WARISAN,Harapan,"17,121","36,143",47.37%,0,L,KLH,TIADA
P.185,BATU SAPI,LINDA TSEN THAU LIN,BN,BN,"8,357","23,261",35.93%,0,P,KLH,TIADA
P.185,BATU SAPI,LIEW VUI KEONG,WARISAN,Harapan,"12,976","23,261",55.78%,1,L,MNG,PEGUAM
P.185,BATU SAPI,HAMZAH ABDULLAH,AMANAH,Harapan,980,"23,261",4.21%,0,L,HD,PENIAGA
P.185,BATU SAPI,NORSAH BONGSU,PAS,PAS,948,"23,261",4.08%,0,P,HD,PERUNDING PELABURAN
P.186,SANDAKAN,LIM MING HOO,BN,BN,"8,996","28,090",32.03%,0,L,KLH,TIADA
P.186,SANDAKAN,STEPHEN WONG TIEN FATT,DAP,Harapan,"19,094","28,090",67.97%,1,L,MNG,TIADA
P.187,KINABATANGAN,MUSTAPA BIN DATU TAMBUYONG,HR,BEBAS,"2,066","21,518",9.60%,0,L,HD,BERNIAGA
P.187,KINABATANGAN,GHAZALI ABDUL GHANI,WARISAN,Harapan,"4,987","21,518",23.18%,0,L,KLH,-
P.187,KINABATANGAN,BUNG MOKTAR RADIN,BN,BN,"14,465","21,518",67.22%,1,L,MNG,AHLI PERNIAGAAN
P.188,SILAM,DATU NASRUN BIN DATU MANSUR,BN,BN,"16,951","43,040",39.38%,0,L,KLH,TIMBALAN MENTERI KABINET MALAYSIA
P.188,SILAM,MOHAMADDIN BIN KETAPI,WARISAN,Harapan,"23,352","43,040",54.26%,1,L,MNG,0
P.188,SILAM,RAMLI BIN PATARUDDIN,PAS,PAS,"1,431","43,040",3.32%,0,L,HD,0
P.188,SILAM,SITI SHAZIANTI BINTI AJAK,HR,BEBAS,"1,306","43,040",3.03%,0,P,HD,BERNIAGA SENDIRI
P.189,SEMPORNA,ABDUL NASIR BIN AB RAUP,PAS,PAS,384,"33,426",1.15%,0,L,HD,0
P.189,SEMPORNA,ASMARA BIN ASMAD,HR,BEBAS,98,"33,426",0.29%,0,L,HD,BERNIAGA SENDIRI
P.189,SEMPORNA,HAJI RAMLEE MARAHABAN,BN,BN,"6,135","33,426",18.35%,0,L,KLH,PEMBANTU MENTERI KABINET NEGERI SABAH
P.189,SEMPORNA,MOHD. SHAFIE APDAL,WARISAN,Harapan,"26,809","33,426",80.20%,1,L,MNG,0
P.190,TAWAU,MARY YAP KAIN CHING,BN,BN,"16,673","42,753",39.00%,0,P,KLH,TIMBALAN MENTERI PENDIDIKAN TINGGI
P.190,TAWAU,ALIZAMAN BIN JIJURAHMAN,HR,BEBAS,"2,162","42,753",5.06%,0,L,HD,BERNIAGA SENDIRI
P.190,TAWAU,MOHAMAD BIN HUSAIN,PAS,PAS,"2,518","42,753",5.89%,0,L,HD,PENIAGA
P.190,TAWAU,CHRISTINA LIEW,PKR,Harapan,"21,400","42,753",50.05%,1,P,MNG,PEGUAM
P.191,KALABAKAN,MA'MUN BIN SULAIMAN,WARISAN,Harapan,"18,486","36,909",50.09%,1,L,MNG,0
P.191,KALABAKAN,ABDUL GHAPUR SALLEH,BN,BN,"15,299","36,909",41.45%,0,L,KLH,0
P.191,KALABAKAN,NORBIN BIN ALOH,PAS,PAS,"2,813","36,909",7.62%,0,L,HD,0
P.191,KALABAKAN,AHMAD BIN LAHAMA,PPRS,BEBAS,311,"36,909",0.84%,0,L,HD,0
P.192,MAS GADING,MORDI BIMOL,DAP,Harapan,"12,771","22,518",56.71%,1,L,MNG,SETIAUSAHA
P.192,MAS GADING,NOGEH ANAK GUMBEK,BN,BN,"9,747","22,518",43.29%,0,L,KLH,PESARA
P.193,SANTUBONG,FIDZUAN ZAIDI,PKR,Harapan,"6,894","33,273",20.72%,0,L,KLH,PERUNDING KEWANGAN
P.193,SANTUBONG,WAN JUNAIDI BIN TUANKU JAAFAR,BN,BN,"26,379","33,273",79.28%,1,L,MNG,TIADA
P.194,PETRA JAYA,FADILLAH HJ YUSOF,BN,BN,"28,306","42,945",65.91%,1,L,MNG,MENTERI KERJA RAYA
P.194,PETRA JAYA,DATUK IR. DR NOR IRWAN BIN HJ. AHMAT NOR,PKR,Harapan,"13,289","42,945",30.94%,0,L,KLH,SENDIRI
P.194,PETRA JAYA,HAMDAN SANI,PAS,PAS,"1,350","42,945",3.14%,0,L,HD,TIADA
P.195,BANDAR KUCHING,KHO TECK WAN,BN,BN,"12,575","61,123",20.57%,0,P,KLH,PAKAR RUNDING TEKNOLOGI MAKLUMAT (IT CONSULTANT)
P.195,BANDAR KUCHING,KELVIN YII LEE WUEN,DAP,Harapan,"48,548","61,123",79.43%,1,L,MNG,SETIAUSAHA
P.196,STAMPIN,DR. SIM KUI HIAN,BN,BN,"18,839","51,899",36.30%,0,L,KLH,MENTERI KERAJAAN TEMPATAN DAN PERUMAHAN SARAWAK
P.196,STAMPIN,CHONG CHIENG JEN,DAP,Harapan,"33,060","51,899",63.70%,1,L,MNG,PEGUAM
P.197,KOTA SAMARAHAN,RUBIAH WANG,BN,BN,"25,070","35,867",69.90%,1,P,MNG,TIADA
P.197,KOTA SAMARAHAN,SOPIAN BIN JULAIHI,PKR,Harapan,"8,078","35,867",22.52%,0,L,KLH,BEKERJA SENDIRI
P.197,KOTA SAMARAHAN,ZULKIPLI RAMZI,PAS,PAS,"2,719","35,867",7.58%,0,L,HD,KERJA SENDIRI
P.198,PUNCAK BORNEO,BULN RIBOS,STAR,BEBAS,795,"34,520",2.30%,0,L,HD,BEKERJA SENDIRI
P.198,PUNCAK BORNEO,JEANNOTH SINEL,BN,BN,"14,860","34,520",43.05%,0,L,KLH,TIADA
P.198,PUNCAK BORNEO,WILLIE MONGIN,PKR,Harapan,"18,865","34,520",54.65%,1,L,MNG,TIADA
P.199,SERIAN,EDWARD ANDREW LUWAK,DAP,Harapan,"7,640","27,419",27.86%,0,L,KLH,TIADA
P.199,SERIAN,DATO SRI RICHARD RIOT ANAK JAEM,BN,BN,"17,545","27,419",63.99%,1,L,MNG,MENTERI
P.199,SERIAN,SENIOR ANAK WILLIAM RADE,BEBAS - IKAN,BEBAS,"2,234","27,419",8.15%,0,L,HD,TIADA
P.200,BATANG SADONG,DATO' SRI NANCY SHUKRI,BN,BN,"14,208","17,066",83.25%,1,P,MNG,MENTERI DI JABATAN PERDANA MENTERI
P.200,BATANG SADONG,OTHMAN BIN MUSTAPHA @ MOS,PKR,Harapan,"1,880","17,066",11.02%,0,L,HD,BEKERJA SENDIRI
P.200,BATANG SADONG,CIKGU ASAN SINGKRO,PAS,PAS,978,"17,066",5.73%,0,L,HD,PESARA
P.201,BATANG LUPAR,ROHANI KARIM,BN,BN,"14,204","20,151",70.49%,1,P,MNG,MENTERI PEMBANGUNAN WANITA KELUARGA DAN MASYARAKAT MALAYSIA
P.201,BATANG LUPAR,USTAZ WAN ABDILLAH,PAS,PAS,"3,927","20,151",19.49%,0,L,KLH,TIADA
P.201,BATANG LUPAR,NARUDIN BIN MENTALI,PKR,Harapan,"2,020","20,151",10.02%,0,L,HD,BEKERJA SENDIRI
P.202,SRI AMAN,MASIR KUJAT,BN,BN,"14,141","23,000",61.48%,1,L,MNG,TIADA
P.202,SRI AMAN,COBBOLD ANAK LUSOI,PBDSB,BEBAS,538,"23,000",2.34%,0,L,HD,TIADA
P.202,SRI AMAN,NORINA UMOI ANAK UTOT,PKR,Harapan,"8,321","23,000",36.18%,0,P,KLH,BERKERJA SENDIRI
P.203,LUBOK ANTU,JUGAH AK MUYANG,BEBAS - KUNCI,BEBAS,"5,834","14,551",40.09%,1,L,MNG,TIADA
P.203,LUBOK ANTU,NICHOLAS BAWIN ANGGAT,PKR,Harapan,"3,942","14,551",27.09%,0,L,KLH,TIADA
P.203,LUBOK ANTU,ROBERT PASANG ALAM,BN,BN,"4,775","14,551",32.82%,0,L,KLH,TIADA
P.204,BETONG,ABANG AHMAD BIN ABANG SUNI,BEBAS - BUKU,BEBAS,"4,401","20,720",21.24%,0,L,KLH,PESARA POLIS DIRAJA MALAYSIA
P.204,BETONG,NOEL CHANGGAI BUCKING,PKR,Harapan,"3,802","20,720",18.35%,0,L,KLH,AHLI PERNIAGAAN
P.204,BETONG,ROBERT LAWSON CHUAT,BN,BN,"12,517","20,720",60.41%,1,L,MNG,AHLI PERNIAGAAN
P.205,SARATOK,SUBENG ANAK MULA,BN,BN,"10,859","22,707",47.82%,0,L,KLH,AHLI PERNIAGAAN
P.205,SARATOK,ALI BIJU,PKR,Harapan,"11,848","22,707",52.18%,1,L,MNG,AHLI DEWAN UNDANGAN NEGERI SARAWAK N39 KRIAN
P.206,TANJONG MANIS,YUSUF BIN ABD WAHAB,BN,BN,"11,402","14,130",80.69%,1,L,MNG,AHLI PERNIAGAAN
P.206,TANJONG MANIS,FADILLAH SABALI,PKR,Harapan,"2,728","14,130",19.31%,0,L,KLH,TIADA
P.207,IGAN,HUD ANDRI,PKR,Harapan,"2,043","12,581",16.24%,0,L,KLH,PENIAGA
P.207,IGAN,AHMAD JOHNIE BIN ZAWAWI,BN,BN,"10,538","12,581",83.76%,1,L,MNG,BEKERJA SENDIRI
P.208,SARIKEI,WONG LING BIU,DAP,Harapan,"16,327","30,476",53.57%,1,L,MNG,PENIAGA
P.208,SARIKEI,WONG CHIN KING,PBK,BEBAS,392,"30,476",1.29%,0,L,HD,TIADA
P.208,SARIKEI,HUANG TIONG SII,BN,BN,"13,757","30,476",45.14%,0,L,KLH,PENIAGA
P.209,JULAU,LARRY SOON @ LARRY SNG WEI SHIEN,BEBAS - KERUSI,BEBAS,"10,105","18,279",55.28%,1,L,MNG,AHLI PERNIAGAAN
P.209,JULAU,JOSEPH SALANG ANAK GANDUM,BN,BN,"8,174","18,279",44.72%,0,L,KLH,TIADA
P.210,KANOWIT,SATU ANAK ANCHOM,PKR,Harapan,"5,240","14,792",35.42%,0,L,KLH,TIADA
P.210,KANOWIT,AGO ANAK DAGANG,BN,BN,"9,552","14,792",64.58%,1,L,MNG,TIADA
P.211,LANANG,ALICE LAU KIONG YIENG,DAP,Harapan,"29,905","45,892",65.16%,1,P,MNG,TIADA
P.211,LANANG,PRISCILLA LAU,PEACE,BEBAS,628,"45,892",1.37%,0,P,HD,PEGUAM
P.211,LANANG,KONG SIEN CHIU,BN,BN,"15,359","45,892",33.47%,0,L,KLH,PENIAGA
P.212,SIBU,WONG KEE YEW,BN,BN,"22,389","56,753",39.45%,0,L,KLH,TIADA
P.212,SIBU,TIEW YEN HOUNG,PEACE,BEBAS,377,"56,753",0.66%,0,P,HD,BUSINESS WOMEN
P.212,SIBU,OSCAR LING CHAI YEW,DAP,Harapan,"33,811","56,753",59.58%,1,L,MNG,TIADA
P.212,SIBU,TIONG ING TUNG,STAR,BEBAS,176,"56,753",0.31%,0,L,HD,TIADA
P.213,MUKAH,HANIFAH HAJAR TAIB,BN,BN,"13,853","20,706",66.90%,1,P,MNG,BUSINESSWOMEN
P.213,MUKAH,ABDUL JALIL BUJANG,PKR,Harapan,"6,853","20,706",33.10%,0,L,KLH,TIADA
P.214,SELANGAU,RITA INSOL,BN,BN,"10,742","21,970",48.89%,0,P,KLH,BEKERJA SENDIRI
P.214,SELANGAU,BARU BIAN,PKR,Harapan,"11,228","21,970",51.11%,1,L,MNG,PEGUAM
P.215,KAPIT,PAREN ANAK NYAWI,DAP,Harapan,"3,823","18,125",21.09%,0,L,KLH,TIADA
P.215,KAPIT,DATUK ALEXANDER NANTA LINGGI,BN,BN,"14,302","18,125",78.91%,1,L,MNG,TIMBALAN MENTERI
P.216,HULU RAJANG,ABUN SUI ANYIT,PKR,Harapan,"5,519","17,353",31.80%,0,L,KLH,PEGUAM
P.216,HULU RAJANG,WILSON UGAK ANAK KUMBONG,BN,BN,"11,834","17,353",68.20%,1,L,MNG,AHLI PERNIAGAAN
P.217,BINTULU,DATO' SERI TIONG KING SING,BN,BN,"27,076","47,458",57.05%,1,L,MNG,PENIAGA
P.217,BINTULU,CHIEW CHAN YEW,DAP,Harapan,"20,054","47,458",42.26%,0,L,KLH,BUSINESSMAN
P.217,BINTULU,CHIENG LEA PHING,STAR,BEBAS,328,"47,458",0.69%,0,L,HD,PENIAGA
P.218,SIBUTI,LUKANISMAN BIN AWANG SAUNI,BN,BN,"12,214","22,369",54.60%,1,L,MNG,TIADA
P.218,SIBUTI,ANAI ZULAI,PAS,PAS,"1,617","22,369",7.23%,0,L,HD,TIADA
P.218,SIBUTI,JEMAT PANJANG,PKR,Harapan,"8,538","22,369",38.17%,0,L,KLH,TIADA
P.219,MIRI,MICHAEL TEO YU KENG,PKR,Harapan,"35,739","57,815",61.82%,1,L,MNG,DOKTOR
P.219,MIRI,SEBASTIAN TING CHIEW YEW,BN,BN,"22,076","57,815",38.18%,0,L,KLH,PEGUAM
P.220,BARAM,ANYI NGAU,BN,BN,"12,171","22,352",54.45%,1,L,MNG,TIADA
P.220,BARAM,ROLAND ENGAN,PKR,Harapan,"10,181","22,352",45.55%,0,L,KLH,PEGUAM
P.221,LIMBANG,DR. RICARDO YAMPIL BABA,PKR,Harapan,"4,879","17,468",27.93%,0,L,KLH,PENSYARAH
P.221,LIMBANG,HASBI BIN HABIBOLLAH,BN,BN,"12,589","17,468",72.07%,1,L,MNG,TIADA
P.222,LAWAS,HENRY SUM AGONG,BN,BN,"10,037","14,250",70.44%,1,L,MNG,TIMBALAN MENTERI PERSEKUTUAN
P.222,LAWAS,DANNY PIRI,PKR,Harapan,"4,037","14,250",28.33%,0,L,KLH,TIADA
P.222,LAWAS,MOHAMMAD BIN HAJI BRAHIM,BEBAS - KUNCI,BEBAS,176,"14,250",1.24%,0,L,HD,BERNIAGA